hs6,sitc3,lall_code
010121,00151,LDC01
010129,00151,LDC01
010130,00152,LDC01
010190,00152,LDC01
010221,00111,LDC01
010229,00119,LDC01
010231,00111,LDC01
010239,00119,LDC01
010290,00119,LDC01
010310,00131,LDC01
010391,00139,LDC01
010392,00139,LDC01
010410,00121,LDC01
010420,00122,LDC01
010511,00141,LDC01
010512,00141,LDC01
010513,00141,LDC01
010514,00141,LDC01
010515,00141,LDC01
010594,00149,LDC01
010599,00149,LDC01
010611,0019,LDC01
010612,0019,LDC01
010613,0019,LDC01
010614,0019,LDC01
010619,0019,LDC01
010620,0019,LDC01
010631,0019,LDC01
010632,0019,LDC01
010633,0019,LDC01
010639,0019,LDC01
010641,0019,LDC01
010649,0019,LDC01
010690,0019,LDC01
020110,01111,LDC01
020120,01111,LDC01
020130,01112,LDC01
020210,01121,LDC01
020220,01121,LDC01
020230,01122,LDC01
020311,01221,LDC01
020312,01221,LDC01
020319,01221,LDC01
020321,01222,LDC01
020322,01222,LDC01
020329,01222,LDC01
020410,01211,LDC01
020421,01211,LDC01
020422,01211,LDC01
020423,01211,LDC01
020430,01212,LDC01
020441,01212,LDC01
020442,01212,LDC01
020443,01212,LDC01
020450,01213,LDC01
020500,0124,LDC01
020610,01251,LDC01
020621,01252,LDC01
020622,01252,LDC01
020629,01252,LDC01
020630,01253,LDC01
020641,01254,LDC01
020649,01254,LDC01
020680,01255,LDC01
020690,01256,LDC01
020711,01231,LDC01
020712,01232,LDC01
020713,01234,LDC01
020714,01235,LDC01
020724,01231,LDC01
020725,01232,LDC01
020726,01234,LDC01
020727,01235,LDC01
020741,01231,LDC01
020742,01232,LDC01
020743,01233,LDC01
020744,01234,LDC01
020745,01235,LDC01
020751,01231,LDC01
020752,01232,LDC01
020753,01233,LDC01
020754,01234,LDC01
020755,01235,LDC01
020760,01234,LDC01
020810,01291,LDC01
020830,01299,LDC01
020840,01299,LDC01
020850,01299,LDC01
020860,01299,LDC01
020890,01299,LDC01
020910,41131,LDC03
020990,41131,LDC03
021011,01611,LDC02
021012,01612,LDC02
021019,01619,LDC02
021020,01681,LDC02
021091,01689,LDC02
021092,01689,LDC02
021093,01689,LDC02
021099,01689,LDC02
030111,03411,LDC01
030119,03411,LDC01
030191,03411,LDC01
030192,03411,LDC01
030193,03411,LDC01
030194,03411,LDC01
030195,03411,LDC01
030199,03411,LDC01
030211,03412,LDC01
030213,03412,LDC01
030214,03412,LDC01
030219,03412,LDC01
030221,03413,LDC01
030222,03413,LDC01
030223,03413,LDC01
030224,03413,LDC01
030229,03413,LDC01
030231,03414,LDC01
030232,03414,LDC01
030233,03414,LDC01
030234,03414,LDC01
030235,03414,LDC01
030236,03414,LDC01
030239,03414,LDC01
030241,03415,LDC01
030242,03418,LDC01
030243,03415,LDC01
030244,03417,LDC01
030245,03418,LDC01
030246,03418,LDC01
030247,03418,LDC01
030251,03416,LDC01
030252,03418,LDC01
030253,03418,LDC01
030254,03418,LDC01
030255,03418,LDC01
030256,03418,LDC01
030259,03418,LDC01
030271,03418,LDC01
030272,03418,LDC01
030273,03418,LDC01
030274,03418,LDC01
030279,03418,LDC01
030281,03418,LDC01
030282,03418,LDC01
030283,03418,LDC01
030284,03418,LDC01
030285,03418,LDC01
030289,03418,LDC01
030290,03419,LDC01
030311,03421,LDC01
030312,03421,LDC01
030313,03421,LDC01
030314,03421,LDC01
030319,03421,LDC01
030323,03428,LDC01
030324,03428,LDC01
030325,03428,LDC01
030326,03428,LDC01
030329,03428,LDC01
030331,03422,LDC01
030332,03422,LDC01
030333,03422,LDC01
030334,03422,LDC01
030339,03422,LDC01
030341,03423,LDC01
030342,03423,LDC01
030343,03423,LDC01
030344,03423,LDC01
030345,03423,LDC01
030346,03423,LDC01
030349,03423,LDC01
030351,03424,LDC01
030353,03424,LDC01
030354,03426,LDC01
030355,03428,LDC01
030356,03428,LDC01
030357,03428,LDC01
030363,03425,LDC01
030364,03428,LDC01
030365,03428,LDC01
030366,03427,LDC01
030367,03428,LDC01
030368,03428,LDC01
030369,03428,LDC01
030381,03428,LDC01
030382,03428,LDC01
030383,03428,LDC01
030384,03428,LDC01
030389,03428,LDC01
030390,03429,LDC01
030431,03451,LDC01
030432,03451,LDC01
030433,03451,LDC01
030439,03451,LDC01
030441,03451,LDC01
030442,03451,LDC01
030443,03451,LDC01
030444,03451,LDC01
030445,03451,LDC01
030446,03451,LDC01
030449,03451,LDC01
030451,03451,LDC01
030452,03451,LDC01
030453,03451,LDC01
030454,03451,LDC01
030455,03451,LDC01
030459,03451,LDC01
030461,0344,LDC01
030462,0344,LDC01
030463,0344,LDC01
030469,0344,LDC01
030471,0344,LDC01
030472,0344,LDC01
030473,0344,LDC01
030474,0344,LDC01
030475,0344,LDC01
030479,0344,LDC01
030481,0344,LDC01
030482,0344,LDC01
030483,0344,LDC01
030484,0344,LDC01
030485,0344,LDC01
030486,0344,LDC01
030487,0344,LDC01
030489,0344,LDC01
030491,03455,LDC01
030492,03455,LDC01
030493,03455,LDC01
030494,03455,LDC01
030495,03455,LDC01
030499,03455,LDC01
030510,0355,LDC02
030520,0354,LDC02
030531,03512,LDC02
030532,03512,LDC02
030539,03512,LDC02
030541,0353,LDC02
030542,0353,LDC02
030543,0353,LDC02
030544,0353,LDC02
030549,0353,LDC02
030551,03511,LDC02
030559,03513,LDC02
030561,03529,LDC02
030562,03521,LDC02
030563,03522,LDC02
030564,03529,LDC02
030569,03529,LDC02
030571,03513,LDC02
030572,03529,LDC02
030579,03529,LDC02
030611,03619,LDC01
030612,03619,LDC01
030614,03619,LDC01
030615,03619,LDC01
030616,03611,LDC01
030617,03611,LDC01
030619,03619,LDC01
030621,0362,LDC01
030622,0362,LDC01
030624,0362,LDC01
030625,0362,LDC01
030626,0362,LDC01
030627,0362,LDC01
030629,0362,LDC01
030711,03631,LDC01
030719,03631,LDC01
030721,03635,LDC01
030729,03639,LDC01
030731,03635,LDC01
030739,03639,LDC01
030741,03633,LDC01
030749,03637,LDC01
030751,03633,LDC01
030759,03637,LDC01
030760,01293,LDC01
030771,03635,LDC01
030779,03639,LDC01
030781,03635,LDC01
030789,03639,LDC01
030791,03635,LDC01
030799,03639,LDC01
030811,03635,LDC01
030819,03639,LDC01
030821,03635,LDC01
030829,03639,LDC01
030830,03639,LDC01
030890,03639,LDC01
040110,02211,LDC01
040120,02212,LDC01
040140,02213,LDC01
040150,02213,LDC01
040210,02221,LDC01
040221,02222,LDC01
040229,02222,LDC01
040291,02223,LDC01
040299,02224,LDC01
040310,02231,LDC01
040390,02232,LDC01
040410,02241,LDC01
040490,02249,LDC01
040510,0230,LDC02
040520,0230,LDC02
040590,0230,LDC02
040610,02491,LDC02
040620,0241,LDC02
040630,0242,LDC02
040640,0243,LDC02
040690,02499,LDC02
040711,0251,LDC01
040719,0251,LDC01
040721,0251,LDC01
040729,0251,LDC01
040790,0251,LDC01
040811,02521,LDC01
040819,02522,LDC01
040891,02521,LDC01
040899,02522,LDC01
040900,0616,LDC02
041000,09892,LDC02
050100,29191,LDC01
050210,29192,LDC01
050290,29192,LDC01
050400,29193,LDC01
050510,29195,LDC01
050590,29195,LDC01
050610,29111,LDC01
050690,29111,LDC01
050710,29116,LDC01
050790,29116,LDC01
050800,29115,LDC01
051000,29198,LDC01
051110,29194,LDC01
051191,29196,LDC01
051199,29199,LDC01
060110,29261,LDC01
060120,29261,LDC01
060210,29269,LDC01
060220,29269,LDC01
060230,29269,LDC01
060240,29269,LDC01
060290,29269,LDC01
060311,29271,LDC01
060312,29271,LDC01
060313,29271,LDC01
060314,29271,LDC01
060315,29271,LDC01
060319,29271,LDC01
060390,29271,LDC01
060420,29272,LDC01
060490,29272,LDC01
070110,0541,LDC01
070190,0541,LDC01
070200,0544,LDC01
070310,05451,LDC01
070320,05452,LDC01
070390,05452,LDC01
070410,05453,LDC01
070420,05453,LDC01
070490,05453,LDC01
070511,05454,LDC01
070519,05454,LDC01
070521,05454,LDC01
070529,05454,LDC01
070610,05455,LDC01
070690,05455,LDC01
070700,05456,LDC01
070810,05457,LDC01
070820,05457,LDC01
070890,05457,LDC01
070920,05459,LDC01
070930,05459,LDC01
070940,05459,LDC01
070951,05458,LDC01
070959,05458,LDC01
070960,05459,LDC01
070970,05459,LDC01
070991,05459,LDC01
070992,05459,LDC01
070993,05459,LDC01
070999,05459,LDC01
071010,05469,LDC01
071021,05469,LDC01
071022,05469,LDC01
071029,05469,LDC01
071030,05469,LDC01
071040,05461,LDC01
071080,05469,LDC01
071090,05469,LDC01
071120,0547,LDC01
071140,0547,LDC01
071151,0547,LDC01
071159,0547,LDC01
071190,0547,LDC01
071220,05612,LDC02
071231,05613,LDC02
071232,05613,LDC02
071233,05613,LDC02
071239,05613,LDC02
071290,05619,LDC02
071310,05421,LDC01
071320,05422,LDC01
071331,05423,LDC01
071332,05423,LDC01
071333,05423,LDC01
071334,05423,LDC01
071335,05423,LDC01
071339,05423,LDC01
071340,05424,LDC01
071350,05425,LDC01
071360,05429,LDC01
071390,05429,LDC01
071410,05481,LDC01
071420,05483,LDC01
071430,05483,LDC01
071440,05483,LDC01
071450,05483,LDC01
071490,05483,LDC01
080111,05771,LDC01
080112,05771,LDC01
080119,05771,LDC01
080121,05772,LDC01
080122,05772,LDC01
080131,05773,LDC01
080132,05773,LDC01
080211,05774,LDC01
080212,05774,LDC01
080221,05775,LDC01
080222,05775,LDC01
080231,05776,LDC01
080232,05776,LDC01
080241,05777,LDC01
080242,05777,LDC01
080251,05778,LDC01
080252,05778,LDC01
080261,05779,LDC01
080262,05779,LDC01
080270,05779,LDC01
080280,05779,LDC01
080290,05779,LDC01
080310,0573,LDC01
080390,0573,LDC01
080410,05796,LDC01
080420,0576,LDC01
080430,05795,LDC01
080440,05797,LDC01
080450,05797,LDC01
080510,05711,LDC01
080520,05712,LDC01
080540,05722,LDC01
080550,05721,LDC01
080590,05729,LDC01
080610,05751,LDC01
080620,05752,LDC01
080711,05791,LDC01
080719,05791,LDC01
080720,05791,LDC01
080810,0574,LDC01
080830,05792,LDC01
080840,05792,LDC01
080910,05793,LDC01
080921,05793,LDC01
080929,05793,LDC01
080930,05793,LDC01
080940,05793,LDC01
081010,05794,LDC01
081020,05794,LDC01
081030,05798,LDC01
081040,05794,LDC01
081050,05798,LDC01
081060,05798,LDC01
081070,05798,LDC01
081090,05798,LDC01
081110,05831,LDC02
081120,05832,LDC02
081190,05839,LDC02
081210,05821,LDC02
081290,05821,LDC02
081310,05799,LDC01
081320,05799,LDC01
081330,05799,LDC01
081340,05799,LDC01
081350,05799,LDC01
081400,05822,LDC02
090111,07111,LDC01
090112,07112,LDC01
090121,0712,LDC01
090122,0712,LDC01
090190,07132,LDC01
090210,07411,LDC01
090220,07412,LDC01
090230,07413,LDC01
090240,07414,LDC01
090300,07431,LDC01
090411,07511,LDC01
090412,07512,LDC01
090421,07513,LDC01
090422,07513,LDC01
090510,07521,LDC01
090520,07521,LDC01
090611,07522,LDC01
090619,07522,LDC01
090620,07523,LDC01
090710,07524,LDC01
090720,07524,LDC01
090811,07525,LDC01
090812,07525,LDC01
090821,07525,LDC01
090822,07525,LDC01
090831,07525,LDC01
090832,07525,LDC01
090921,07526,LDC01
090922,07526,LDC01
090931,07526,LDC01
090932,07526,LDC01
090961,07526,LDC01
090962,07526,LDC01
091011,07527,LDC01
091012,07527,LDC01
091020,07528,LDC01
091030,07529,LDC01
091091,07529,LDC01
091099,07529,LDC01
100111,0411,LDC01
100119,0411,LDC01
100191,0412,LDC01
100199,0412,LDC01
100210,0451,LDC01
100290,0451,LDC01
100310,0430,LDC01
100390,0430,LDC01
100410,0452,LDC01
100490,0452,LDC01
100510,0441,LDC01
100590,0449,LDC01
100610,0421,LDC01
100620,0422,LDC01
100630,04231,LDC01
100640,04232,LDC01
100710,0453,LDC01
100790,0453,LDC01
100810,04592,LDC01
100821,04591,LDC01
100829,04591,LDC01
100830,04593,LDC01
100840,04599,LDC01
100850,04599,LDC01
100860,04599,LDC01
100890,04599,LDC01
110100,0461,LDC02
110220,04711,LDC02
110290,04719,LDC02
110311,0462,LDC02
110313,04721,LDC02
110319,04722,LDC02
110320,0462,LDC02
110412,04813,LDC02
110419,04813,LDC02
110422,04814,LDC02
110423,04814,LDC02
110429,04814,LDC02
110430,04815,LDC02
110510,05641,LDC02
110520,05642,LDC02
110610,05646,LDC02
110620,05647,LDC02
110630,05648,LDC02
110710,0482,LDC02
110720,0482,LDC02
110811,59211,LDC03
110812,59212,LDC03
110813,59213,LDC03
110814,59214,LDC03
110819,59215,LDC03
110820,59216,LDC03
110900,59217,LDC03
120110,2222,LDC01
120190,2222,LDC01
120230,22212,LDC01
120241,22211,LDC01
120242,22212,LDC01
120300,2231,LDC01
120400,2234,LDC01
120510,22261,LDC01
120590,22261,LDC01
120600,2224,LDC01
120710,2237,LDC01
120721,2223,LDC01
120729,2223,LDC01
120730,2237,LDC01
120740,2225,LDC01
120750,22262,LDC01
120760,2237,LDC01
120770,2237,LDC01
120791,2237,LDC01
120799,2237,LDC01
120810,2239,LDC01
120890,2239,LDC01
120910,29251,LDC01
120921,29252,LDC01
120922,29252,LDC01
120923,29252,LDC01
120924,29252,LDC01
120925,29252,LDC01
120929,29252,LDC01
120930,29253,LDC01
120991,29254,LDC01
120999,29259,LDC01
121010,05484,LDC01
121020,05484,LDC01
121120,29242,LDC01
121130,29249,LDC01
121140,29249,LDC01
121190,29249,LDC01
121221,29297,LDC01
121229,29297,LDC01
121291,05487,LDC01
121292,05489,LDC01
121293,05489,LDC01
121294,05489,LDC01
121299,05489,LDC01
121300,08111,LDC01
121410,08112,LDC01
121490,08113,LDC01
130120,29222,LDC01
130190,29229,LDC01
130211,29294,LDC01
130212,29294,LDC01
130213,29294,LDC01
130219,29294,LDC01
130220,29295,LDC01
130231,29296,LDC01
130232,29296,LDC01
130239,29296,LDC01
140110,29231,LDC01
140120,29232,LDC01
140190,29239,LDC01
140420,2632,LDC01
140490,29299,LDC01
150110,4112,LDC03
150120,4112,LDC03
150190,4112,LDC03
150210,41132,LDC03
150290,41132,LDC03
150300,41133,LDC03
150410,41111,LDC03
150420,41112,LDC03
150430,41113,LDC03
150500,41135,LDC03
150600,41139,LDC03
150710,42111,LDC02
150790,42119,LDC02
150810,42131,LDC02
150890,42139,LDC02
150910,42141,LDC02
150990,42142,LDC02
151000,42149,LDC02
151110,42221,LDC02
151190,42229,LDC02
151211,42151,LDC02
151219,42159,LDC02
151221,42121,LDC02
151229,42129,LDC02
151311,42231,LDC02
151319,42239,LDC02
151321,42241,LDC02
151329,42249,LDC02
151411,42171,LDC02
151419,42179,LDC02
151491,42171,LDC02
151499,42179,LDC02
151511,42211,LDC02
151519,42219,LDC02
151521,42161,LDC02
151529,42169,LDC02
151530,4225,LDC02
151550,4218,LDC02
151590,42299,LDC02
151610,43121,LDC02
151620,43122,LDC02
151710,09101,LDC01
151790,09109,LDC01
151800,4311,LDC02
152000,51222,LDC07
152110,43141,LDC02
152190,43142,LDC02
152200,43133,LDC02
160100,0172,LDC02
160210,09811,LDC02
160220,0173,LDC02
160231,0174,LDC02
160232,0174,LDC02
160239,0174,LDC02
160241,0175,LDC02
160242,0175,LDC02
160249,0175,LDC02
160250,0176,LDC02
160290,0179,LDC02
160300,0171,LDC02
160411,03711,LDC02
160412,03712,LDC02
160413,03712,LDC02
160414,03713,LDC02
160415,03714,LDC02
160416,03715,LDC02
160417,03715,LDC02
160419,03715,LDC02
160420,03716,LDC02
160431,03717,LDC02
160432,03717,LDC02
160510,03721,LDC02
160521,03721,LDC02
160529,03721,LDC02
160530,03721,LDC02
160540,03721,LDC02
160551,03722,LDC02
160552,03722,LDC02
160553,03722,LDC02
160554,03722,LDC02
160555,03722,LDC02
160556,03722,LDC02
160557,03722,LDC02
160558,03722,LDC02
160559,03722,LDC02
160561,03722,LDC02
160562,03722,LDC02
160563,03722,LDC02
160569,03722,LDC02
170112,06112,LDC02
170113,06111,LDC02
170114,06111,LDC02
170191,06121,LDC02
170199,06129,LDC02
170211,06191,LDC02
170219,06191,LDC02
170220,06192,LDC02
170230,06193,LDC02
170240,06194,LDC02
170250,06195,LDC02
170260,06196,LDC02
170290,06199,LDC02
170310,06151,LDC02
170390,06159,LDC02
170410,06221,LDC02
170490,06229,LDC02
180100,0721,LDC01
180200,0725,LDC01
180310,07231,LDC01
180320,07232,LDC01
180400,0724,LDC01
180500,0722,LDC01
180610,0731,LDC02
180620,0732,LDC02
180631,0733,LDC02
180632,0733,LDC02
180690,0739,LDC02
190110,09893,LDC02
190120,0485,LDC02
190190,09894,LDC02
190211,0483,LDC02
190219,0483,LDC02
190220,09891,LDC02
190230,09891,LDC02
190240,09891,LDC02
190300,05645,LDC02
190410,04811,LDC02
190420,04811,LDC02
190430,04812,LDC02
190490,04812,LDC02
190510,04841,LDC02
190520,04842,LDC02
190531,04842,LDC02
190532,04842,LDC02
190540,04841,LDC02
190590,04849,LDC02
200110,05671,LDC02
200190,05671,LDC02
200210,05672,LDC02
200290,05673,LDC02
200310,05674,LDC02
200390,05674,LDC02
200410,05661,LDC02
200490,05669,LDC02
200510,09812,LDC02
200520,05676,LDC02
200540,05679,LDC02
200551,05679,LDC02
200559,05679,LDC02
200560,05679,LDC02
200570,05679,LDC02
200580,05677,LDC02
200591,05679,LDC02
200599,05679,LDC02
200600,0621,LDC02
200710,09813,LDC02
200791,0581,LDC02
200799,0581,LDC02
200811,05892,LDC02
200819,05892,LDC02
200820,05893,LDC02
200830,05894,LDC02
200840,05896,LDC02
200850,05895,LDC02
200860,05895,LDC02
200870,05895,LDC02
200880,05896,LDC02
200891,05896,LDC02
200893,05896,LDC02
200897,05897,LDC02
200899,05896,LDC02
200911,0591,LDC02
200912,0591,LDC02
200919,0591,LDC02
200921,0592,LDC02
200929,0592,LDC02
200931,0593,LDC02
200939,0593,LDC02
200941,05991,LDC02
200949,05991,LDC02
200950,05992,LDC02
200961,05993,LDC02
200969,05993,LDC02
200971,05994,LDC02
200979,05994,LDC02
200981,05995,LDC02
200989,05995,LDC02
200990,05996,LDC02
210111,07131,LDC01
210112,07131,LDC01
210120,07432,LDC01
210130,07133,LDC01
210210,0986,LDC02
210220,0986,LDC02
210230,0986,LDC02
210310,09841,LDC02
210320,09842,LDC02
210330,09843,LDC02
210390,09849,LDC02
210410,0985,LDC02
210420,09814,LDC02
210500,02233,LDC01
210610,09899,LDC02
210690,09899,LDC02
220110,11101,LDC02
220190,11101,LDC02
220210,11102,LDC02
220290,11102,LDC02
220300,1123,LDC02
220410,11215,LDC02
220421,11217,LDC02
220429,11217,LDC02
220430,11211,LDC02
220510,11213,LDC02
220590,11213,LDC02
220600,1122,LDC02
220710,51215,LDC07
220720,51216,LDC07
220820,11242,LDC02
220830,11241,LDC02
220840,11244,LDC02
220850,11245,LDC02
220860,11249,LDC02
220870,11249,LDC02
220890,11249,LDC02
220900,09844,LDC02
230110,08141,LDC01
230120,08142,LDC01
230210,08124,LDC01
230230,08126,LDC01
230240,08129,LDC01
230250,08123,LDC01
230310,08151,LDC01
230320,08152,LDC01
230330,08153,LDC01
230400,08131,LDC01
230500,08132,LDC01
230610,08133,LDC01
230620,08134,LDC01
230630,08135,LDC01
230641,08136,LDC01
230649,08136,LDC01
230650,08137,LDC01
230660,08138,LDC01
230690,08139,LDC01
230700,08194,LDC01
230800,08119,LDC01
230910,08195,LDC01
230990,08199,LDC01
240110,1211,LDC01
240120,1212,LDC01
240130,1213,LDC01
240210,1221,LDC02
240220,1222,LDC02
240290,12231,LDC02
240311,12232,LDC02
240319,12232,LDC02
240391,12239,LDC02
240399,12239,LDC02
250100,2783,LDC01
250200,2742,LDC01
250300,2741,LDC01
250410,27822,LDC01
250490,27822,LDC01
250510,27331,LDC01
250590,27339,LDC01
250610,27851,LDC01
250620,27851,LDC01
250700,27826,LDC01
250810,27827,LDC01
250830,27829,LDC01
250840,27829,LDC01
250850,27829,LDC01
250860,27829,LDC01
250870,27829,LDC01
250900,27891,LDC01
251010,27231,LDC01
251020,27232,LDC01
251110,27892,LDC01
251120,27892,LDC01
251200,27895,LDC01
251310,2772,LDC01
251320,27722,LDC01
251400,27311,LDC01
251511,27312,LDC01
251512,27312,LDC01
251520,27312,LDC01
251611,27313,LDC01
251612,27313,LDC01
251620,27313,LDC01
251690,27313,LDC01
251710,2734,LDC01
251720,2734,LDC01
251730,2734,LDC01
251741,2734,LDC01
251749,2734,LDC01
251810,27823,LDC01
251820,27823,LDC01
251830,27823,LDC01
251910,27824,LDC01
251990,27825,LDC01
252010,27323,LDC01
252020,27324,LDC01
252100,27322,LDC01
252210,66111,LDC03
252220,66112,LDC03
252230,66113,LDC03
252310,66121,LDC03
252321,66122,LDC03
252329,66122,LDC03
252330,66123,LDC03
252390,66129,LDC03
252410,2784,LDC01
252490,2784,LDC01
252510,27852,LDC01
252520,27852,LDC01
252530,27852,LDC01
252610,27893,LDC01
252620,27893,LDC01
252800,27894,LDC01
252910,27853,LDC01
252921,27854,LDC01
252922,27854,LDC01
252930,27853,LDC01
253010,27898,LDC01
253020,27899,LDC01
253090,27899,LDC01
260111,2815,LDC03
260112,2816,LDC03
260120,2814,LDC03
260200,2877,LDC03
260300,2831,LDC03
260400,2841,LDC03
260500,28793,LDC03
260600,2851,LDC03
260700,2874,LDC03
260800,2875,LDC03
260900,2876,LDC03
261000,28791,LDC03
261100,28792,LDC03
261210,2861,LDC03
261220,2862,LDC03
261310,28781,LDC03
261390,28782,LDC03
261400,28783,LDC03
261510,28784,LDC03
261590,28785,LDC03
261610,28911,LDC03
261690,28919,LDC03
261710,28799,LDC03
261790,28799,LDC03
261800,27861,LDC01
261900,27862,LDC01
262011,2881,LDC03
262019,2881,LDC03
262021,2881,LDC03
262029,2881,LDC03
262030,2881,LDC03
262040,2881,LDC03
262060,2881,LDC03
262091,2881,LDC03
262099,2881,LDC03
262110,27869,LDC01
262190,27869,LDC01
270111,3211,LDC01
270112,32121,LDC01
270119,32122,LDC01
270120,3221,LDC03
270210,32221,LDC03
270220,32222,LDC03
270300,3223,LDC03
270400,3250,LDC03
270500,3450,LDC01
270600,33521,LDC03
270710,33522,LDC03
270720,33523,LDC03
270730,33524,LDC03
270740,33525,LDC03
270750,33525,LDC03
270791,33525,LDC03
270799,33525,LDC03
270810,33531,LDC03
270820,33532,LDC03
270900,3330,LDC01
271012,334,LDC03
271019,334,LDC03
271020,334,LDC03
271091,334,LDC03
271099,334,LDC03
271111,3431,LDC01
271112,3421,LDC01
271113,3425,LDC01
271114,3441,LDC01
271119,3442,LDC01
271121,3432,LDC01
271129,3449,LDC01
271210,33511,LDC03
271220,33512,LDC03
271290,33512,LDC03
271311,33542,LDC03
271312,33542,LDC03
271320,33541,LDC03
271390,33541,LDC03
271410,27896,LDC01
271490,27897,LDC01
271500,33543,LDC03
271600,3510,LDC99
280110,52224,LDC03
280120,52225,LDC03
280130,52225,LDC03
280200,52226,LDC03
280300,5221,LDC03
280410,52221,LDC03
280421,52221,LDC03
280429,52221,LDC03
280430,52221,LDC03
280440,52221,LDC03
280450,52222,LDC03
280461,52223,LDC03
280469,52223,LDC03
280470,52222,LDC03
280480,52222,LDC03
280490,52222,LDC03
280511,52228,LDC03
280512,52229,LDC03
280519,52228,LDC03
280530,52229,LDC03
280540,52227,LDC03
280610,52231,LDC03
280620,52231,LDC03
280700,52232,LDC03
280800,52233,LDC03
280910,52234,LDC03
280920,52234,LDC03
281000,52235,LDC03
281111,52236,LDC03
281119,52236,LDC03
281121,52239,LDC03
281122,52237,LDC03
281129,52239,LDC03
281210,52241,LDC03
281290,52241,LDC03
281310,52242,LDC03
281390,52242,LDC03
281410,52261,LDC03
281420,52261,LDC03
281511,52262,LDC03
281512,52263,LDC03
281520,52264,LDC03
281530,52264,LDC03
281610,52265,LDC03
281640,52265,LDC03
281700,52251,LDC03
281810,52267,LDC03
281820,2852,LDC03
281830,52266,LDC03
281910,52252,LDC03
281990,52252,LDC03
282010,52253,LDC03
282090,52253,LDC03
282110,52254,LDC03
282120,52254,LDC03
282200,52255,LDC03
282300,52256,LDC03
282410,52257,LDC03
282490,52257,LDC03
282510,52268,LDC03
282520,52269,LDC03
282530,52269,LDC03
282540,52269,LDC03
282550,52269,LDC03
282560,52269,LDC03
282570,52269,LDC03
282580,52269,LDC03
282590,52269,LDC03
282612,5231,LDC03
282619,5231,LDC03
282630,5231,LDC03
282690,5231,LDC03
282710,52321,LDC03
282720,52322,LDC03
282731,52329,LDC03
282732,52329,LDC03
282735,52329,LDC03
282739,52329,LDC03
282741,52329,LDC03
282749,52329,LDC03
282751,52329,LDC03
282759,52329,LDC03
282760,52329,LDC03
282810,52331,LDC03
282890,52331,LDC03
282911,52332,LDC03
282919,52339,LDC03
282990,52339,LDC03
283010,52341,LDC03
283090,52342,LDC03
283110,52343,LDC03
283190,52343,LDC03
283210,52344,LDC03
283220,52344,LDC03
283230,52344,LDC03
283311,52345,LDC03
283319,52345,LDC03
283321,52349,LDC03
283322,52349,LDC03
283324,52349,LDC03
283325,52349,LDC03
283327,52349,LDC03
283329,52349,LDC03
283330,52349,LDC03
283340,52349,LDC03
283410,52351,LDC03
283421,52352,LDC03
283429,52359,LDC03
283510,52361,LDC03
283522,52363,LDC03
283524,52363,LDC03
283525,52363,LDC03
283526,52363,LDC03
283529,52363,LDC03
283531,52364,LDC03
283539,52365,LDC03
283620,52372,LDC03
283630,52373,LDC03
283640,52374,LDC03
283650,52379,LDC03
283660,52379,LDC03
283691,52379,LDC03
283692,52379,LDC03
283699,52379,LDC03
283711,52381,LDC03
283719,52381,LDC03
283720,52381,LDC03
283911,52383,LDC03
283919,52383,LDC03
283990,52383,LDC03
284011,52384,LDC03
284019,52384,LDC03
284020,52384,LDC03
284030,52384,LDC03
284130,52431,LDC03
284150,52431,LDC03
284161,52431,LDC03
284169,52431,LDC03
284170,52431,LDC03
284180,52431,LDC03
284190,52431,LDC03
284210,52389,LDC03
284290,52389,LDC03
284310,52432,LDC03
284321,52432,LDC03
284329,52432,LDC03
284330,52432,LDC03
284390,52432,LDC03
284410,52511,LDC10
284420,52513,LDC10
284430,52515,LDC10
284440,52519,LDC10
284450,52517,LDC10
284510,52591,LDC10
284590,52591,LDC10
284610,52595,LDC10
284690,52595,LDC10
284700,52491,LDC03
284800,52492,LDC03
284910,52493,LDC03
284920,52494,LDC03
284990,52494,LDC03
285000,52495,LDC03
285210,524,LDC03
285290,524,LDC03
285300,52499,LDC03
290110,51114,LDC03
290121,51111,LDC03
290122,51112,LDC03
290123,51113,LDC03
290124,51113,LDC03
290129,51119,LDC03
290211,51121,LDC03
290219,51129,LDC03
290220,51122,LDC03
290230,51123,LDC03
290241,51124,LDC03
290242,51124,LDC03
290243,51124,LDC03
290244,51124,LDC03
290250,51125,LDC03
290260,51126,LDC03
290270,51127,LDC03
290290,51129,LDC03
290311,51136,LDC03
290312,51136,LDC03
290313,51136,LDC03
290314,51136,LDC03
290315,51135,LDC03
290319,51136,LDC03
290321,51131,LDC03
290322,51132,LDC03
290323,51133,LDC03
290329,51134,LDC03
290331,51137,LDC03
290339,51137,LDC03
290371,51138,LDC03
290372,51138,LDC03
290373,51138,LDC03
290374,51138,LDC03
290375,51138,LDC03
290376,51138,LDC03
290377,51138,LDC03
290378,51138,LDC03
290379,51138,LDC03
290381,51139,LDC03
290382,51139,LDC03
290389,51139,LDC03
290391,51139,LDC03
290392,51139,LDC03
290399,51139,LDC03
290410,5114,LDC03
290420,5114,LDC03
290490,5114,LDC03
290511,51211,LDC07
290512,51212,LDC07
290513,51213,LDC07
290514,51213,LDC07
290516,51214,LDC07
290517,51219,LDC07
290519,51219,LDC07
290522,51219,LDC07
290529,51219,LDC07
290531,51221,LDC07
290532,51229,LDC07
290539,51229,LDC07
290541,51229,LDC07
290542,51223,LDC07
290543,51224,LDC07
290544,51225,LDC07
290545,51222,LDC07
290549,51229,LDC07
290551,51229,LDC07
290559,51229,LDC07
290611,51231,LDC07
290612,51231,LDC07
290613,51231,LDC07
290619,51231,LDC07
290621,51235,LDC07
290629,51235,LDC07
290711,51241,LDC07
290712,51242,LDC07
290713,51243,LDC07
290715,51243,LDC07
290719,51243,LDC07
290721,51243,LDC07
290722,51243,LDC07
290723,51243,LDC07
290729,51243,LDC07
290811,51244,LDC07
290819,51244,LDC07
290891,51244,LDC07
290892,51244,LDC07
290899,51244,LDC07
290911,51616,LDC03
290919,51616,LDC03
290920,51616,LDC03
290930,51616,LDC03
290941,51617,LDC03
290943,51617,LDC03
290944,51617,LDC03
290949,51617,LDC03
290950,51617,LDC03
290960,51617,LDC03
291010,51613,LDC03
291020,51614,LDC03
291030,51615,LDC03
291040,51615,LDC03
291090,51615,LDC03
291100,51612,LDC03
291211,51621,LDC03
291212,51621,LDC03
291219,51621,LDC03
291221,51622,LDC03
291229,51622,LDC03
291241,51622,LDC03
291242,51622,LDC03
291249,51622,LDC03
291250,51622,LDC03
291260,51622,LDC03
291300,51626,LDC03
291411,51623,LDC03
291412,51624,LDC03
291413,51625,LDC03
291419,51625,LDC03
291422,51628,LDC03
291423,51628,LDC03
291429,51628,LDC03
291431,51629,LDC03
291439,51629,LDC03
291440,51629,LDC03
291450,51629,LDC03
291461,51629,LDC03
291469,51629,LDC03
291470,51629,LDC03
291511,51374,LDC07
291512,51374,LDC07
291513,51374,LDC07
291521,51371,LDC07
291524,51377,LDC07
291529,51371,LDC07
291531,51372,LDC07
291532,51372,LDC07
291533,51372,LDC07
291536,51372,LDC07
291539,51372,LDC07
291540,51377,LDC07
291550,51377,LDC07
291560,51375,LDC07
291570,51376,LDC07
291590,51377,LDC07
291611,51379,LDC07
291612,51379,LDC07
291613,51373,LDC07
291614,51373,LDC07
291615,51378,LDC07
291616,51379,LDC07
291619,51379,LDC07
291620,51379,LDC07
291631,51379,LDC07
291632,51379,LDC07
291634,51379,LDC07
291639,51379,LDC07
291711,51389,LDC07
291712,51389,LDC07
291713,51389,LDC07
291714,51381,LDC07
291719,51389,LDC07
291720,51385,LDC07
291732,51383,LDC07
291733,51389,LDC07
291734,51389,LDC07
291735,51382,LDC07
291736,51389,LDC07
291737,51384,LDC07
291739,51389,LDC07
291811,51391,LDC07
291812,51391,LDC07
291813,51391,LDC07
291814,51391,LDC07
291815,51391,LDC07
291816,51392,LDC07
291818,51392,LDC07
291819,51392,LDC07
291821,51393,LDC07
291822,51393,LDC07
291823,51393,LDC07
291829,51394,LDC07
291830,51395,LDC07
291891,51396,LDC07
291899,51396,LDC07
291910,51631,LDC03
291990,51631,LDC03
292011,51639,LDC03
292019,51639,LDC03
292090,51639,LDC03
292111,51451,LDC03
292119,51451,LDC03
292121,51452,LDC03
292122,51452,LDC03
292129,51452,LDC03
292130,51453,LDC03
292141,51454,LDC03
292142,51454,LDC03
292143,51454,LDC03
292144,51454,LDC03
292145,51454,LDC03
292146,51454,LDC03
292149,51454,LDC03
292151,51455,LDC03
292159,51455,LDC03
292211,51461,LDC03
292212,51461,LDC03
292213,51461,LDC03
292214,51461,LDC03
292219,51461,LDC03
292221,51462,LDC03
292229,51462,LDC03
292231,51463,LDC03
292239,51463,LDC03
292241,51464,LDC03
292242,51464,LDC03
292243,51465,LDC03
292244,51465,LDC03
292249,51465,LDC03
292250,51467,LDC03
292310,51481,LDC03
292320,51481,LDC03
292390,51481,LDC03
292411,51471,LDC03
292412,51471,LDC03
292419,51471,LDC03
292421,51473,LDC03
292423,51479,LDC03
292424,51479,LDC03
292429,51479,LDC03
292511,51482,LDC03
292512,51482,LDC03
292519,51482,LDC03
292521,51482,LDC03
292529,51482,LDC03
292610,51483,LDC03
292620,51484,LDC03
292630,51484,LDC03
292690,51484,LDC03
292700,51485,LDC03
292800,51486,LDC03
292910,51489,LDC03
292990,51489,LDC03
293020,51542,LDC03
293030,51543,LDC03
293040,51544,LDC03
293050,51549,LDC03
293090,51549,LDC03
293110,5155,LDC03
293120,5155,LDC03
293190,5155,LDC03
293211,51569,LDC03
293212,51569,LDC03
293213,51569,LDC03
293219,51569,LDC03
293220,51563,LDC03
293291,51569,LDC03
293292,51569,LDC03
293293,51569,LDC03
293294,51569,LDC03
293295,51569,LDC03
293299,51569,LDC03
293311,51571,LDC03
293319,51571,LDC03
293321,51572,LDC03
293329,51573,LDC03
293331,51574,LDC03
293332,51574,LDC03
293333,51574,LDC03
293339,51574,LDC03
293341,51575,LDC03
293349,51575,LDC03
293352,51576,LDC03
293353,51576,LDC03
293354,51576,LDC03
293355,51576,LDC03
293359,51576,LDC03
293361,51576,LDC03
293369,51576,LDC03
293371,51561,LDC03
293372,51561,LDC03
293379,51561,LDC03
293391,51577,LDC03
293399,51577,LDC03
293410,51579,LDC03
293420,51579,LDC03
293430,51578,LDC03
293491,51579,LDC03
293499,51579,LDC03
293500,5158,LDC03
293621,54112,LDC10
293622,54113,LDC10
293623,54113,LDC10
293624,54113,LDC10
293625,54113,LDC10
293626,54113,LDC10
293627,54114,LDC10
293628,54115,LDC10
293629,54116,LDC10
293690,54117,LDC10
293711,54152,LDC10
293712,54151,LDC10
293719,5415,LDC10
293721,54153,LDC10
293722,54153,LDC10
293723,54159,LDC10
293729,54153,LDC10
293750,54159,LDC10
293790,54159,LDC10
293810,54161,LDC10
293890,54161,LDC10
293911,54141,LDC10
293919,54141,LDC10
293920,54142,LDC10
293930,54143,LDC10
293941,54144,LDC10
293942,54144,LDC10
293943,54144,LDC10
293944,54144,LDC10
293949,54144,LDC10
293951,54145,LDC10
293959,54145,LDC10
293961,54146,LDC10
293962,54146,LDC10
293963,54146,LDC10
293969,54146,LDC10
293991,54149,LDC10
293999,54147,LDC10
294000,51692,LDC03
294110,54131,LDC10
294120,54132,LDC10
294130,54133,LDC10
294140,54139,LDC10
294150,54139,LDC10
294190,54139,LDC10
294200,51699,LDC03
300120,54162,LDC10
300190,54162,LDC10
300210,54163,LDC10
300220,54163,LDC10
300230,54163,LDC10
300290,54164,LDC10
300310,54211,LDC10
300320,54212,LDC10
300331,54221,LDC10
300339,54222,LDC10
300340,54231,LDC10
300390,54291,LDC10
300410,54213,LDC10
300420,54219,LDC10
300431,54223,LDC10
300432,54224,LDC10
300439,54229,LDC10
300440,54232,LDC10
300450,54292,LDC10
300490,54293,LDC10
300510,54191,LDC10
300590,54191,LDC10
300610,54199,LDC10
300620,54192,LDC10
300630,54193,LDC10
300640,54199,LDC10
300650,54199,LDC10
300660,54199,LDC10
300670,59899,LDC07
300691,89399,LDC05
300692,54199,LDC10
310100,2721,LDC01
310210,56216,LDC07
310221,56213,LDC07
310229,56212,LDC07
310230,56211,LDC07
310240,56219,LDC07
310250,2722,LDC01
310260,56214,LDC07
310280,56217,LDC07
310290,56219,LDC07
310310,56222,LDC07
310390,56229,LDC07
310420,56231,LDC07
310430,56232,LDC07
310490,56239,LDC07
310510,56296,LDC07
310520,56291,LDC07
310530,56293,LDC07
310540,56294,LDC07
310551,56295,LDC07
310559,56295,LDC07
310560,56292,LDC07
310590,56299,LDC07
320110,53221,LDC03
320120,53221,LDC03
320190,53221,LDC03
320210,53231,LDC03
320290,53232,LDC03
320300,53222,LDC03
320411,53111,LDC03
320412,53112,LDC03
320413,53113,LDC03
320414,53114,LDC03
320415,53115,LDC03
320416,53116,LDC03
320417,53117,LDC03
320419,53119,LDC03
320420,53121,LDC03
320490,53121,LDC03
320500,53122,LDC03
320611,53311,LDC07
320619,53311,LDC07
320620,53312,LDC07
320641,53314,LDC07
320642,53315,LDC07
320649,53317,LDC07
320650,53318,LDC07
320710,53351,LDC07
320720,53351,LDC07
320730,53351,LDC07
320740,53351,LDC07
320810,53342,LDC07
320820,53342,LDC07
320890,53342,LDC07
320910,53341,LDC07
320990,53341,LDC07
321000,53343,LDC07
321100,53353,LDC07
321210,53344,LDC07
321290,53344,LDC07
321310,53352,LDC07
321390,53352,LDC07
321410,53354,LDC07
321490,53354,LDC07
321511,53321,LDC07
321519,53329,LDC07
321590,89591,LDC05
330112,55131,LDC03
330113,55131,LDC03
330119,55131,LDC03
330124,55132,LDC03
330125,55132,LDC03
330129,55132,LDC03
330130,55133,LDC03
330190,55135,LDC03
330210,55141,LDC03
330290,55149,LDC03
330300,5531,LDC07
330410,5532,LDC07
330420,5532,LDC07
330430,5532,LDC07
330491,5532,LDC07
330499,5532,LDC07
330510,5533,LDC07
330520,5533,LDC07
330530,5533,LDC07
330590,5533,LDC07
330610,5534,LDC07
330620,5534,LDC07
330690,5534,LDC07
330710,55351,LDC07
330720,55352,LDC07
330730,55353,LDC07
330741,55354,LDC07
330749,55354,LDC07
330790,55359,LDC07
340111,55411,LDC07
340119,55415,LDC07
340120,55419,LDC07
340130,55422,LDC07
340211,55421,LDC07
340212,55421,LDC07
340213,55421,LDC07
340219,55421,LDC07
340220,55422,LDC07
340290,55423,LDC07
340311,59771,LDC07
340319,59772,LDC07
340391,59773,LDC07
340399,59774,LDC07
340420,59835,LDC07
340490,59839,LDC07
340510,55431,LDC07
340520,55432,LDC07
340530,55433,LDC07
340540,55434,LDC07
340590,55435,LDC07
340600,89931,LDC05
340700,59895,LDC07
350110,59221,LDC03
350190,59222,LDC03
350211,0253,LDC01
350219,0253,LDC01
350220,59223,LDC03
350290,59223,LDC03
350300,59224,LDC03
350400,59225,LDC03
350510,59226,LDC03
350520,59227,LDC03
350610,59229,LDC03
350691,59229,LDC03
350699,59229,LDC03
350710,51691,LDC03
350790,51691,LDC03
360100,59311,LDC07
360200,59312,LDC07
360300,5932,LDC07
360410,59331,LDC07
360490,59333,LDC07
360500,89932,LDC05
360610,89934,LDC05
360690,89939,LDC05
370110,8822,LDC07
370120,8822,LDC07
370130,8822,LDC07
370191,8822,LDC07
370199,8822,LDC07
370210,8823,LDC07
370231,8823,LDC07
370232,8823,LDC07
370239,8823,LDC07
370241,8823,LDC07
370242,8823,LDC07
370243,8823,LDC07
370244,8823,LDC07
370252,8823,LDC07
370253,8823,LDC07
370254,8823,LDC07
370255,8823,LDC07
370256,8823,LDC07
370296,8823,LDC07
370297,8823,LDC07
370298,8823,LDC07
370310,8824,LDC07
370320,8824,LDC07
370390,8824,LDC07
370400,8825,LDC07
370510,8826,LDC07
370590,8826,LDC07
370610,8831,LDC99
370690,8839,LDC99
370710,8821,LDC07
370790,8821,LDC07
380110,59861,LDC07
380120,59861,LDC07
380130,59861,LDC07
380190,59861,LDC07
380210,59864,LDC07
380290,59865,LDC07
380300,59811,LDC07
380400,59812,LDC07
380510,59813,LDC07
380590,59813,LDC07
380610,59814,LDC07
380620,59814,LDC07
380630,59814,LDC07
380690,59814,LDC07
380700,59818,LDC07
380850,591,LDC07
380891,5911,LDC07
380892,5912,LDC07
380893,5913,LDC07
380894,59141,LDC07
380899,59149,LDC07
380910,59891,LDC07
380991,59891,LDC07
380992,59891,LDC07
380993,59891,LDC07
381010,59896,LDC07
381090,59896,LDC07
381111,59721,LDC07
381119,59721,LDC07
381121,59725,LDC07
381129,59725,LDC07
381190,59729,LDC07
381210,59863,LDC07
381220,59893,LDC07
381230,59893,LDC07
381300,59894,LDC07
381400,53355,LDC07
381511,59881,LDC07
381512,59883,LDC07
381519,59885,LDC07
381590,59889,LDC07
381600,66233,LDC03
381700,59841,LDC07
381800,5985,LDC07
381900,59731,LDC07
382000,59733,LDC07
382100,59867,LDC07
382200,59869,LDC07
382311,43131,LDC02
382312,43131,LDC02
382313,43131,LDC02
382319,43131,LDC02
382370,51217,LDC07
382410,59899,LDC07
382430,59899,LDC07
382440,59897,LDC07
382450,59898,LDC07
382460,59899,LDC07
382471,59899,LDC07
382472,59899,LDC07
382473,59899,LDC07
382474,59899,LDC07
382475,59899,LDC07
382476,59899,LDC07
382477,59899,LDC07
382478,59899,LDC07
382479,59899,LDC07
382481,59899,LDC07
382482,59899,LDC07
382483,59899,LDC07
382490,59899,LDC07
382510,59899,LDC07
382520,59899,LDC07
382530,87221,LDC08
382541,59899,LDC07
382549,59899,LDC07
382550,59899,LDC07
382561,59899,LDC07
382569,59899,LDC07
382590,59899,LDC07
382600,59899,LDC07
390110,57111,LDC07
390120,57112,LDC07
390130,5712,LDC07
390190,5719,LDC07
390210,57511,LDC07
390220,57512,LDC07
390230,57513,LDC07
390290,57519,LDC07
390311,57211,LDC07
390319,57219,LDC07
390320,57291,LDC07
390330,57292,LDC07
390390,57299,LDC07
390410,57311,LDC07
390421,57312,LDC07
390422,57313,LDC07
390430,57391,LDC07
390440,57392,LDC07
390450,57393,LDC07
390461,57394,LDC07
390469,57394,LDC07
390490,57399,LDC07
390512,57591,LDC07
390519,57591,LDC07
390521,57591,LDC07
390529,57591,LDC07
390530,57592,LDC07
390591,57592,LDC07
390599,57592,LDC07
390610,57521,LDC07
390690,57529,LDC07
390710,57411,LDC07
390720,57419,LDC07
390730,5742,LDC07
390740,57431,LDC07
390750,57432,LDC07
390760,57433,LDC07
390770,57439,LDC07
390791,57434,LDC07
390799,57439,LDC07
390810,57531,LDC07
390890,57539,LDC07
390910,57541,LDC07
390920,57542,LDC07
390930,57543,LDC07
390940,57544,LDC07
390950,57545,LDC07
391000,57593,LDC07
391110,57596,LDC07
391190,57596,LDC07
391211,57551,LDC07
391212,57552,LDC07
391220,57553,LDC07
391231,57554,LDC07
391239,57554,LDC07
391290,57559,LDC07
391310,57594,LDC07
391390,57595,LDC07
391400,57597,LDC07
391510,5791,LDC07
391520,5792,LDC07
391530,5793,LDC07
391590,5799,LDC07
391610,5831,LDC07
391620,5832,LDC07
391690,5839,LDC07
391710,5811,LDC07
391721,5812,LDC07
391722,5812,LDC07
391723,5812,LDC07
391729,5812,LDC07
391731,5813,LDC07
391732,5814,LDC07
391733,5815,LDC07
391739,5816,LDC07
391740,5817,LDC07
391810,89331,LDC05
391890,89331,LDC05
391910,58211,LDC07
391990,58219,LDC07
392010,58221,LDC07
392020,58222,LDC07
392030,58223,LDC07
392043,58224,LDC07
392049,58224,LDC07
392051,58225,LDC07
392059,58225,LDC07
392061,58226,LDC07
392062,58226,LDC07
392063,58226,LDC07
392069,58226,LDC07
392071,58228,LDC07
392073,58228,LDC07
392079,58228,LDC07
392091,58229,LDC07
392092,58229,LDC07
392093,58229,LDC07
392094,58229,LDC07
392099,58229,LDC07
392111,58291,LDC07
392112,58291,LDC07
392113,58291,LDC07
392114,58291,LDC07
392119,58291,LDC07
392190,58299,LDC07
392210,89321,LDC05
392220,89321,LDC05
392290,89321,LDC05
392310,89319,LDC05
392321,89311,LDC05
392329,89311,LDC05
392330,89319,LDC05
392340,89319,LDC05
392350,89319,LDC05
392390,89319,LDC05
392410,89332,LDC05
392490,89332,LDC05
392510,89329,LDC05
392520,89329,LDC05
392530,89329,LDC05
392590,89329,LDC05
392610,89394,LDC05
392620,84821,LDC04
392630,89395,LDC05
392640,89399,LDC05
392690,89399,LDC05
400110,2311,LDC01
400121,23121,LDC01
400122,23125,LDC01
400129,23129,LDC01
400130,2313,LDC01
400211,23211,LDC02
400219,23211,LDC02
400220,23212,LDC02
400231,23213,LDC02
400239,23213,LDC02
400241,23214,LDC02
400249,23214,LDC02
400251,23215,LDC02
400259,23215,LDC02
400260,23216,LDC02
400270,23217,LDC02
400280,23218,LDC02
400291,23219,LDC02
400299,23219,LDC02
400300,23221,LDC02
400400,23222,LDC02
400510,62111,LDC02
400520,62112,LDC02
400591,62119,LDC02
400599,62119,LDC02
400610,62121,LDC02
400690,62129,LDC02
400700,62131,LDC02
400811,62132,LDC02
400819,62132,LDC02
400821,62133,LDC02
400829,62133,LDC02
400911,62141,LDC02
400912,62145,LDC02
400921,62142,LDC02
400922,62145,LDC02
400931,62143,LDC02
400932,62145,LDC02
400941,62144,LDC02
400942,62145,LDC02
401011,62929,LDC02
401012,62929,LDC02
401019,62929,LDC02
401031,62921,LDC02
401032,62921,LDC02
401033,62921,LDC02
401034,62921,LDC02
401035,62929,LDC02
401036,62929,LDC02
401039,62929,LDC02
401110,6251,LDC02
401120,6252,LDC02
401130,6253,LDC02
401140,62541,LDC02
401150,62542,LDC02
401161,62551,LDC02
401162,62551,LDC02
401163,62551,LDC02
401169,62551,LDC02
401192,62559,LDC02
401193,62559,LDC02
401194,62559,LDC02
401199,62559,LDC02
401211,62592,LDC02
401212,62592,LDC02
401213,62592,LDC02
401219,62592,LDC02
401220,62593,LDC02
401290,62594,LDC02
401310,62591,LDC02
401320,62591,LDC02
401390,62591,LDC02
401410,62911,LDC02
401490,62919,LDC02
401511,84822,LDC04
401519,84822,LDC04
401590,84829,LDC04
401610,62992,LDC02
401691,62999,LDC02
401692,62999,LDC02
401693,62999,LDC02
401694,62999,LDC02
401695,62999,LDC02
401699,62999,LDC02
401700,62991,LDC02
410120,2112,LDC01
410150,2111,LDC01
410190,2111,LDC01
410210,2116,LDC01
410221,2117,LDC01
410229,2117,LDC01
410320,21199,LDC01
410330,21199,LDC01
410390,21199,LDC01
410411,61141,LDC04
410419,61141,LDC04
410441,61142,LDC04
410449,61142,LDC04
410510,61151,LDC04
410530,61152,LDC04
410621,61161,LDC04
410622,61162,LDC04
410631,61171,LDC04
410632,61171,LDC04
410640,61172,LDC04
410691,61179,LDC04
410692,61179,LDC04
410711,61142,LDC04
410712,61142,LDC04
410719,61142,LDC04
410791,61142,LDC04
410792,61142,LDC04
410799,61142,LDC04
411200,61152,LDC04
411310,61162,LDC04
411320,61171,LDC04
411330,61172,LDC04
411390,61179,LDC04
411410,61181,LDC04
411420,61183,LDC04
411510,6112,LDC04
411520,21191,LDC01
420100,6122,LDC04
420211,83121,LDC04
420212,83122,LDC04
420219,83129,LDC04
420221,83111,LDC04
420222,83112,LDC04
420229,83119,LDC04
420231,83191,LDC04
420232,83191,LDC04
420239,83191,LDC04
420291,83199,LDC04
420292,83199,LDC04
420299,83199,LDC04
420310,84811,LDC04
420321,89477,LDC05
420329,84812,LDC04
420330,84813,LDC04
420340,84819,LDC04
420500,6129,LDC04
420600,89991,LDC05
430110,2121,LDC01
430130,21222,LDC01
430160,21225,LDC01
430180,21226,LDC01
430190,2123,LDC01
430211,61311,LDC04
430219,61319,LDC04
430220,6132,LDC04
430230,6133,LDC04
430310,84831,LDC04
430390,84831,LDC04
430400,84832,LDC04
440110,24501,LDC01
440121,24611,LDC01
440122,24615,LDC01
440131,2462,LDC01
440139,2462,LDC01
440210,24502,LDC01
440290,24502,LDC01
440310,2473,LDC02
440320,2474,LDC02
440341,24751,LDC02
440349,24751,LDC02
440391,24752,LDC02
440392,24752,LDC02
440399,24752,LDC02
440410,63491,LDC02
440420,63491,LDC02
440500,63493,LDC02
440610,24811,LDC02
440690,24819,LDC02
440710,2482,LDC02
440721,2484,LDC02
440722,2484,LDC02
440725,2484,LDC02
440726,2484,LDC02
440727,2484,LDC02
440728,2484,LDC02
440729,2484,LDC02
440791,2484,LDC02
440792,2484,LDC02
440793,2484,LDC02
440794,2484,LDC02
440795,2484,LDC02
440799,2484,LDC02
440810,63411,LDC02
440831,63412,LDC02
440839,63412,LDC02
440890,63412,LDC02
440910,2483,LDC02
440921,2485,LDC02
440929,2485,LDC02
441011,63422,LDC02
441012,63422,LDC02
441019,63422,LDC02
441090,63423,LDC02
441112,6345,LDC02
441113,6345,LDC02
441114,6345,LDC02
441192,63451,LDC02
441193,63452,LDC02
441194,63459,LDC02
441210,634,LDC02
441231,63431,LDC02
441232,63431,LDC02
441239,63439,LDC02
441294,6344,LDC02
441299,6344,LDC02
441300,63421,LDC02
441400,63541,LDC02
441510,63511,LDC02
441520,63512,LDC02
441600,6352,LDC02
441700,63591,LDC02
441810,63531,LDC02
441820,63532,LDC02
441840,63539,LDC02
441850,63533,LDC02
441860,63539,LDC02
441871,63539,LDC02
441872,63539,LDC02
441879,63539,LDC02
441890,63539,LDC02
441900,63542,LDC02
442010,63549,LDC02
442090,63549,LDC02
442110,63599,LDC02
442190,63599,LDC02
450110,24403,LDC01
450190,24404,LDC01
450200,24402,LDC01
450310,63311,LDC02
450390,63319,LDC02
450410,63321,LDC02
450490,63329,LDC02
460121,89974,LDC05
460122,89974,LDC05
460129,89974,LDC05
460192,89979,LDC05
460193,89979,LDC05
460194,89979,LDC05
460199,89979,LDC05
460211,89971,LDC05
460212,89971,LDC05
460219,89971,LDC05
460290,89971,LDC05
470100,2512,LDC02
470200,2513,LDC02
470311,25141,LDC02
470319,25142,LDC02
470321,25151,LDC02
470329,25152,LDC02
470411,25161,LDC02
470419,25161,LDC02
470421,25162,LDC02
470429,25162,LDC02
470500,25191,LDC02
470610,25192,LDC02
470620,25192,LDC02
470630,25192,LDC02
470691,25192,LDC02
470692,25192,LDC02
470693,25192,LDC02
470710,25111,LDC02
470720,25112,LDC02
470730,25113,LDC02
470790,25119,LDC02
480100,6411,LDC02
480210,64121,LDC02
480220,64122,LDC02
480240,64124,LDC02
480254,6412,LDC02
480255,64126,LDC02
480256,64126,LDC02
480257,64126,LDC02
480258,6412,LDC02
480261,64129,LDC02
480262,64129,LDC02
480269,64129,LDC02
480300,64163,LDC02
480411,64141,LDC02
480419,64141,LDC02
480421,64142,LDC02
480429,64142,LDC02
480431,64146,LDC02
480439,64146,LDC02
480441,64147,LDC02
480442,64147,LDC02
480449,64147,LDC02
480451,64148,LDC02
480452,64148,LDC02
480459,64148,LDC02
480511,64151,LDC02
480512,6415,LDC02
480519,6415,LDC02
480524,64154,LDC02
480525,64154,LDC02
480530,64152,LDC02
480540,64156,LDC02
480550,64156,LDC02
480591,6415,LDC02
480592,6415,LDC02
480593,6415,LDC02
480610,64153,LDC02
480620,64153,LDC02
480630,64153,LDC02
480640,64153,LDC02
480700,64192,LDC02
480810,64164,LDC02
480840,64162,LDC02
480890,64169,LDC02
480920,64131,LDC02
480990,64131,LDC02
481013,64132,LDC02
481014,64132,LDC02
481019,64132,LDC02
481022,64134,LDC02
481029,64134,LDC02
481031,64174,LDC02
481032,64175,LDC02
481039,64176,LDC02
481092,64177,LDC02
481099,64177,LDC02
481110,64173,LDC02
481141,64178,LDC02
481149,64178,LDC02
481151,64171,LDC02
481159,64172,LDC02
481160,64179,LDC02
481190,64179,LDC02
481200,64193,LDC02
481310,64241,LDC05
481320,64241,LDC05
481390,64155,LDC02
481420,64194,LDC02
481490,64194,LDC02
481620,64242,LDC05
481690,64242,LDC05
481710,64221,LDC05
481720,64222,LDC05
481730,64223,LDC05
481810,64243,LDC05
481820,64294,LDC05
481830,64294,LDC05
481850,64294,LDC05
481890,64294,LDC05
481910,64211,LDC05
481920,64212,LDC05
481930,64213,LDC05
481940,64214,LDC05
481950,64215,LDC05
481960,64216,LDC05
482010,64231,LDC05
482020,64232,LDC05
482030,64233,LDC05
482040,64234,LDC05
482050,64235,LDC05
482090,64239,LDC05
482110,89281,LDC99
482190,89281,LDC99
482210,64291,LDC05
482290,64291,LDC05
482320,64245,LDC05
482340,64299,LDC05
482361,64293,LDC05
482369,64293,LDC05
482370,64299,LDC05
482390,64299,LDC05
490110,89215,LDC99
490191,89216,LDC99
490199,89219,LDC99
490210,89221,LDC99
490290,89229,LDC99
490300,89212,LDC99
490400,89285,LDC99
490510,89214,LDC99
490591,89213,LDC99
490599,89214,LDC99
490600,89282,LDC99
490700,89283,LDC99
490810,89241,LDC99
490890,89241,LDC99
490900,89242,LDC99
491000,89284,LDC99
491110,89286,LDC99
491191,89287,LDC99
491199,89289,LDC99
500100,26141,LDC01
500200,2613,LDC01
500300,26149,LDC01
500400,65192,LDC04
500500,65193,LDC04
500600,65194,LDC04
500710,65411,LDC04
500720,65413,LDC04
500790,65419,LDC04
510111,26811,LDC01
510119,26819,LDC01
510121,26821,LDC01
510129,26821,LDC01
510130,26829,LDC01
510211,2683,LDC01
510219,2683,LDC01
510220,26859,LDC01
510310,26863,LDC01
510320,26869,LDC01
510330,26869,LDC01
510400,26862,LDC01
510510,26871,LDC01
510521,26871,LDC01
510529,26873,LDC01
510531,26877,LDC01
510539,26877,LDC01
510540,26877,LDC01
510610,65112,LDC04
510620,65117,LDC04
510710,65113,LDC04
510720,65118,LDC04
510810,65114,LDC04
510820,65114,LDC04
510910,65116,LDC04
510990,65119,LDC04
511000,65115,LDC04
511111,65421,LDC04
511119,65421,LDC04
511120,65431,LDC04
511130,65431,LDC04
511190,65433,LDC04
511211,65422,LDC04
511219,65422,LDC04
511220,65432,LDC04
511230,65432,LDC04
511290,65434,LDC04
511300,65492,LDC04
520100,2631,LDC01
520210,26331,LDC01
520291,26332,LDC01
520299,26339,LDC01
520300,2634,LDC01
520411,65121,LDC04
520419,65121,LDC04
520420,65122,LDC04
520511,65133,LDC04
520512,65133,LDC04
520513,65133,LDC04
520514,65133,LDC04
520515,65133,LDC04
520521,65133,LDC04
520522,65133,LDC04
520523,65133,LDC04
520524,65133,LDC04
520526,65133,LDC04
520527,65133,LDC04
520528,65133,LDC04
520531,65133,LDC04
520532,65133,LDC04
520533,65133,LDC04
520534,65133,LDC04
520535,65133,LDC04
520541,65133,LDC04
520542,65133,LDC04
520543,65133,LDC04
520544,65133,LDC04
520546,65133,LDC04
520547,65133,LDC04
520548,65133,LDC04
520611,65134,LDC04
520612,65134,LDC04
520613,65134,LDC04
520614,65134,LDC04
520615,65134,LDC04
520621,65134,LDC04
520622,65134,LDC04
520623,65134,LDC04
520624,65134,LDC04
520625,65134,LDC04
520631,65134,LDC04
520632,65134,LDC04
520633,65134,LDC04
520634,65134,LDC04
520635,65134,LDC04
520641,65134,LDC04
520642,65134,LDC04
520643,65134,LDC04
520644,65134,LDC04
520645,65134,LDC04
520710,65131,LDC04
520790,65132,LDC04
520811,65221,LDC04
520812,65221,LDC04
520813,65221,LDC04
520819,65221,LDC04
520821,65231,LDC04
520822,65231,LDC04
520823,65231,LDC04
520829,65231,LDC04
520831,65232,LDC04
520832,65232,LDC04
520833,65232,LDC04
520839,65232,LDC04
520841,65233,LDC04
520842,65233,LDC04
520843,65233,LDC04
520849,65233,LDC04
520851,65234,LDC04
520852,65234,LDC04
520859,65234,LDC04
520911,65222,LDC04
520912,65222,LDC04
520919,65222,LDC04
520921,65241,LDC04
520922,65241,LDC04
520929,65241,LDC04
520931,65242,LDC04
520932,65242,LDC04
520939,65242,LDC04
520941,65244,LDC04
520942,65243,LDC04
520943,65244,LDC04
520949,65244,LDC04
520951,65245,LDC04
520952,65245,LDC04
520959,65245,LDC04
521011,65223,LDC04
521019,65223,LDC04
521021,65251,LDC04
521029,65251,LDC04
521031,65252,LDC04
521032,65252,LDC04
521039,65252,LDC04
521041,65253,LDC04
521049,65253,LDC04
521051,65254,LDC04
521059,65254,LDC04
521111,65224,LDC04
521112,65224,LDC04
521119,65224,LDC04
521120,65261,LDC04
521131,65262,LDC04
521132,65262,LDC04
521139,65262,LDC04
521141,65264,LDC04
521142,65263,LDC04
521143,65264,LDC04
521149,65264,LDC04
521151,65265,LDC04
521152,65265,LDC04
521159,65265,LDC04
521211,65225,LDC04
521212,65291,LDC04
521213,65292,LDC04
521214,65293,LDC04
521215,65294,LDC04
521221,65226,LDC04
521222,65295,LDC04
521223,65296,LDC04
521224,65297,LDC04
521225,65298,LDC04
530110,26511,LDC02
530121,26512,LDC02
530129,26512,LDC02
530130,26513,LDC02
530210,26521,LDC02
530290,26529,LDC02
530310,2641,LDC02
530390,2649,LDC02
530500,265,LDC02
530610,65196,LDC04
530620,65196,LDC04
530710,65197,LDC04
530720,65197,LDC04
530810,65199,LDC04
530820,65199,LDC04
530890,65199,LDC04
530911,65441,LDC04
530919,65441,LDC04
530921,65442,LDC04
530929,65442,LDC04
531010,6545,LDC04
531090,6545,LDC04
531100,65493,LDC04
540110,65141,LDC04
540120,65142,LDC04
540211,65162,LDC04
540219,65162,LDC04
540220,65162,LDC04
540231,65151,LDC04
540232,65151,LDC04
540233,65152,LDC04
540234,65159,LDC04
540239,65159,LDC04
540244,65163,LDC04
540245,65163,LDC04
540246,65163,LDC04
540247,65163,LDC04
540248,65163,LDC04
540249,65163,LDC04
540251,65164,LDC04
540252,65164,LDC04
540259,65164,LDC04
540261,65169,LDC04
540262,65169,LDC04
540269,65169,LDC04
540310,65173,LDC04
540331,65174,LDC04
540332,65175,LDC04
540333,65175,LDC04
540339,65175,LDC04
540341,65176,LDC04
540342,65176,LDC04
540349,65176,LDC04
540411,65188,LDC04
540412,65188,LDC04
540419,65188,LDC04
540490,65188,LDC04
540500,65177,LDC04
540600,65161,LDC04
540710,65311,LDC07
540720,65312,LDC07
540730,65313,LDC07
540741,65314,LDC07
540742,65314,LDC07
540743,65314,LDC07
540744,65314,LDC07
540751,65315,LDC07
540752,65315,LDC07
540753,65315,LDC07
540754,65315,LDC07
540761,65316,LDC07
540769,65317,LDC07
540771,65317,LDC07
540772,65317,LDC07
540773,65317,LDC07
540774,65317,LDC07
540781,65318,LDC07
540782,65318,LDC07
540783,65318,LDC07
540784,65318,LDC07
540791,65319,LDC07
540792,65319,LDC07
540793,65319,LDC07
540794,65319,LDC07
540810,65351,LDC07
540821,65352,LDC07
540822,65352,LDC07
540823,65352,LDC07
540824,65352,LDC07
540831,65359,LDC07
540832,65359,LDC07
540833,65359,LDC07
540834,65359,LDC07
550110,26661,LDC07
550120,26662,LDC07
550130,26663,LDC07
550140,26669,LDC07
550190,26669,LDC07
550200,26712,LDC07
550311,26651,LDC07
550319,26651,LDC07
550320,26652,LDC07
550330,26653,LDC07
550340,26659,LDC07
550390,26659,LDC07
550410,26711,LDC07
550490,26711,LDC07
550510,26721,LDC07
550520,26722,LDC07
550610,26671,LDC07
550620,26672,LDC07
550630,26673,LDC07
550690,26679,LDC07
550700,26713,LDC07
550810,65143,LDC04
550820,65144,LDC04
550911,65182,LDC04
550912,65182,LDC04
550921,65182,LDC04
550922,65182,LDC04
550931,65182,LDC04
550932,65182,LDC04
550941,65182,LDC04
550942,65182,LDC04
550951,65184,LDC04
550952,65184,LDC04
550953,65184,LDC04
550959,65184,LDC04
550961,65184,LDC04
550962,65184,LDC04
550969,65184,LDC04
550991,65184,LDC04
550992,65184,LDC04
550999,65184,LDC04
551011,65186,LDC04
551012,65186,LDC04
551020,65187,LDC04
551030,65187,LDC04
551090,65187,LDC04
551110,65181,LDC04
551120,65183,LDC04
551130,65185,LDC04
551211,65321,LDC07
551219,65321,LDC07
551221,65325,LDC07
551229,65325,LDC07
551291,65329,LDC07
551299,65329,LDC07
551311,65331,LDC07
551312,65331,LDC07
551313,65331,LDC07
551319,65332,LDC07
551321,65331,LDC07
551323,65331,LDC07
551329,65332,LDC07
551331,65331,LDC07
551339,65332,LDC07
551341,65331,LDC07
551349,65332,LDC07
551411,65333,LDC07
551412,65333,LDC07
551419,65334,LDC07
551421,65333,LDC07
551422,65333,LDC07
551423,65333,LDC07
551429,65334,LDC07
551430,6533,LDC07
551441,65333,LDC07
551442,65333,LDC07
551443,65333,LDC07
551449,65334,LDC07
551511,65343,LDC07
551512,65342,LDC07
551513,65341,LDC07
551519,65343,LDC07
551521,65342,LDC07
551522,65341,LDC07
551529,65343,LDC07
551591,65342,LDC07
551599,65343,LDC07
551611,6536,LDC07
551612,6536,LDC07
551613,6536,LDC07
551614,6536,LDC07
551621,65383,LDC07
551622,65383,LDC07
551623,65383,LDC07
551624,65383,LDC07
551631,65382,LDC07
551632,65382,LDC07
551633,65382,LDC07
551634,65382,LDC07
551641,65381,LDC07
551642,65381,LDC07
551643,65381,LDC07
551644,65381,LDC07
551691,65389,LDC07
551692,65389,LDC07
551693,65389,LDC07
551694,65389,LDC07
560121,65771,LDC04
560122,65771,LDC04
560129,65771,LDC04
560130,65771,LDC04
560210,65711,LDC04
560221,65712,LDC04
560229,65712,LDC04
560290,65719,LDC04
560311,6572,LDC04
560312,6572,LDC04
560313,6572,LDC04
560314,6572,LDC04
560391,6572,LDC04
560392,6572,LDC04
560393,6572,LDC04
560394,6572,LDC04
560410,65781,LDC04
560490,65785,LDC04
560500,65191,LDC04
560600,65631,LDC04
560721,65751,LDC04
560729,65751,LDC04
560741,65751,LDC04
560749,65751,LDC04
560750,65751,LDC04
560790,65751,LDC04
560811,65752,LDC04
560819,65752,LDC04
560890,65752,LDC04
560900,65759,LDC04
570110,65921,LDC04
570190,65929,LDC04
570210,6593,LDC04
570220,65959,LDC04
570231,65951,LDC04
570232,65952,LDC04
570239,65959,LDC04
570241,65951,LDC04
570242,65952,LDC04
570249,65959,LDC04
570250,6595,LDC04
570291,65951,LDC04
570292,65952,LDC04
570299,65959,LDC04
570310,65941,LDC04
570320,65942,LDC04
570330,65943,LDC04
570390,65949,LDC04
570410,65961,LDC04
570490,65961,LDC04
570500,65969,LDC04
580110,65435,LDC04
580121,65214,LDC04
580122,65215,LDC04
580123,65215,LDC04
580126,65215,LDC04
580127,65215,LDC04
580131,65391,LDC07
580132,65393,LDC07
580133,65393,LDC07
580136,65393,LDC07
580137,65393,LDC07
580190,65495,LDC04
580211,65212,LDC04
580219,65213,LDC04
580220,65496,LDC04
580230,65497,LDC04
580300,65494,LDC04
580410,65641,LDC04
580421,65642,LDC04
580429,65642,LDC04
580430,65643,LDC04
580500,65891,LDC04
580610,65611,LDC04
580620,65612,LDC04
580631,65613,LDC04
580632,65613,LDC04
580639,65613,LDC04
580640,65614,LDC04
580710,65621,LDC04
580790,65629,LDC04
580810,65632,LDC04
580890,65632,LDC04
580900,65491,LDC04
581010,65651,LDC04
581091,65659,LDC04
581092,65659,LDC04
581099,65659,LDC04
581100,6574,LDC04
590110,65731,LDC04
590190,65731,LDC04
590210,65793,LDC04
590220,65793,LDC04
590290,65793,LDC04
590310,65732,LDC04
590320,65732,LDC04
590390,65732,LDC04
590410,65912,LDC04
590490,65912,LDC04
590500,65735,LDC04
590610,65733,LDC04
590691,65733,LDC04
590699,65733,LDC04
590700,65734,LDC04
590800,65772,LDC04
590900,65791,LDC04
591000,65792,LDC04
591110,65773,LDC04
591120,65773,LDC04
591131,65773,LDC04
591132,65773,LDC04
591140,65773,LDC04
591190,65773,LDC04
600110,65511,LDC04
600121,65512,LDC04
600122,65512,LDC04
600129,65512,LDC04
600191,65519,LDC04
600192,65519,LDC04
600199,65519,LDC04
600240,65521,LDC04
600290,65521,LDC04
600310,65521,LDC04
600320,65521,LDC04
600330,65521,LDC04
600340,65521,LDC04
600390,65521,LDC04
600410,65522,LDC04
600490,65522,LDC04
600521,65523,LDC04
600522,65523,LDC04
600523,65523,LDC04
600524,65523,LDC04
600531,65523,LDC04
600532,65523,LDC04
600533,65523,LDC04
600534,65523,LDC04
600541,65523,LDC04
600542,65523,LDC04
600543,65523,LDC04
600544,65523,LDC04
600590,65523,LDC04
600610,65529,LDC04
600621,65529,LDC04
600622,65529,LDC04
600623,65529,LDC04
600624,65529,LDC04
600631,65529,LDC04
600632,65529,LDC04
600633,65529,LDC04
600634,65529,LDC04
600641,65529,LDC04
600642,65529,LDC04
600643,65529,LDC04
600644,65529,LDC04
600690,65529,LDC04
610120,8431,LDC04
610130,8431,LDC04
610190,8431,LDC04
610210,8441,LDC04
610220,8441,LDC04
610230,8441,LDC04
610290,8441,LDC04
610310,84321,LDC04
610322,84322,LDC04
610323,84322,LDC04
610329,84322,LDC04
610331,84323,LDC04
610332,84323,LDC04
610333,84323,LDC04
610339,84323,LDC04
610341,84324,LDC04
610342,84324,LDC04
610343,84324,LDC04
610349,84324,LDC04
610413,84421,LDC04
610419,84421,LDC04
610422,84422,LDC04
610423,84422,LDC04
610429,84422,LDC04
610431,84423,LDC04
610432,84423,LDC04
610433,84423,LDC04
610439,84423,LDC04
610441,84424,LDC04
610442,84424,LDC04
610443,84424,LDC04
610444,84424,LDC04
610449,84424,LDC04
610451,84425,LDC04
610452,84425,LDC04
610453,84425,LDC04
610459,84425,LDC04
610461,84426,LDC04
610462,84426,LDC04
610463,84426,LDC04
610469,84426,LDC04
610510,84371,LDC04
610520,84379,LDC04
610590,84379,LDC04
610610,8447,LDC04
610620,8447,LDC04
610690,8447,LDC04
610711,84381,LDC04
610712,84381,LDC04
610719,84381,LDC04
610721,84382,LDC04
610722,84382,LDC04
610729,84382,LDC04
610791,84389,LDC04
610799,84389,LDC04
610811,84481,LDC04
610819,84481,LDC04
610821,84482,LDC04
610822,84482,LDC04
610829,84482,LDC04
610831,84483,LDC04
610832,84483,LDC04
610839,84483,LDC04
610891,84489,LDC04
610892,84489,LDC04
610899,84489,LDC04
610910,8454,LDC04
610990,8454,LDC04
611011,8453,LDC04
611012,8453,LDC04
611019,8453,LDC04
611020,8453,LDC04
611030,8453,LDC04
611090,8453,LDC04
611120,84512,LDC04
611130,84512,LDC04
611190,84512,LDC04
611211,84591,LDC04
611212,84591,LDC04
611219,84591,LDC04
611220,84592,LDC04
611231,84562,LDC04
611239,84562,LDC04
611241,84564,LDC04
611249,84564,LDC04
611300,84524,LDC04
611420,84599,LDC04
611430,84599,LDC04
611490,84599,LDC04
611510,8462,LDC04
611521,84621,LDC04
611522,84621,LDC04
611529,84621,LDC04
611530,84622,LDC04
611594,84629,LDC04
611595,84629,LDC04
611596,84629,LDC04
611599,84629,LDC04
611610,84691,LDC04
611691,84692,LDC04
611692,84692,LDC04
611693,84692,LDC04
611699,84692,LDC04
611710,84693,LDC04
611780,84699,LDC04
611790,84699,LDC04
620111,84111,LDC04
620112,84112,LDC04
620113,84112,LDC04
620119,84112,LDC04
620191,84119,LDC04
620192,84119,LDC04
620193,84119,LDC04
620199,84119,LDC04
620211,84211,LDC04
620212,84211,LDC04
620213,84211,LDC04
620219,84211,LDC04
620291,84219,LDC04
620292,84219,LDC04
620293,84219,LDC04
620299,84219,LDC04
620311,84121,LDC04
620312,84122,LDC04
620319,84122,LDC04
620322,84123,LDC04
620323,84123,LDC04
620329,84123,LDC04
620331,8413,LDC04
620332,8413,LDC04
620333,8413,LDC04
620339,8413,LDC04
620341,8414,LDC04
620342,8414,LDC04
620343,8414,LDC04
620349,8414,LDC04
620411,84221,LDC04
620412,84221,LDC04
620413,84221,LDC04
620419,84221,LDC04
620421,84222,LDC04
620422,84222,LDC04
620423,84222,LDC04
620429,84222,LDC04
620431,8423,LDC04
620432,8423,LDC04
620433,8423,LDC04
620439,8423,LDC04
620441,8424,LDC04
620442,8424,LDC04
620443,8424,LDC04
620444,8424,LDC04
620449,8424,LDC04
620451,8425,LDC04
620452,8425,LDC04
620453,8425,LDC04
620459,8425,LDC04
620461,8426,LDC04
620462,8426,LDC04
620463,8426,LDC04
620469,8426,LDC04
620520,84151,LDC04
620530,84159,LDC04
620590,84159,LDC04
620610,8427,LDC04
620620,8427,LDC04
620630,8427,LDC04
620640,8427,LDC04
620690,8427,LDC04
620711,84161,LDC04
620719,84161,LDC04
620721,84162,LDC04
620722,84162,LDC04
620729,84162,LDC04
620791,84169,LDC04
620799,84169,LDC04
620811,84281,LDC04
620819,84281,LDC04
620821,84282,LDC04
620822,84282,LDC04
620829,84282,LDC04
620891,84289,LDC04
620892,84289,LDC04
620899,84289,LDC04
620920,84511,LDC04
620930,84511,LDC04
620990,84511,LDC04
621010,84521,LDC04
621020,84522,LDC04
621030,84523,LDC04
621040,84522,LDC04
621050,84523,LDC04
621111,84561,LDC04
621112,84563,LDC04
621120,84581,LDC04
621132,84587,LDC04
621133,84587,LDC04
621139,84587,LDC04
621142,84589,LDC04
621143,84589,LDC04
621149,84589,LDC04
621210,84551,LDC04
621220,84552,LDC04
621230,84552,LDC04
621290,84552,LDC04
621320,84611,LDC04
621390,84611,LDC04
621410,84612,LDC04
621420,84612,LDC04
621430,84612,LDC04
621440,84612,LDC04
621490,84612,LDC04
621510,84613,LDC04
621520,84613,LDC04
621590,84613,LDC04
621600,84614,LDC04
621710,84619,LDC04
621790,84619,LDC04
630110,77585,LDC08
630120,65831,LDC04
630130,65832,LDC04
630140,65833,LDC04
630190,65839,LDC04
630210,65841,LDC04
630221,65842,LDC04
630222,65843,LDC04
630229,65843,LDC04
630231,65842,LDC04
630232,65843,LDC04
630239,65843,LDC04
630240,65844,LDC04
630251,65845,LDC04
630253,65846,LDC04
630259,65846,LDC04
630260,65847,LDC04
630291,65847,LDC04
630293,65848,LDC04
630299,65848,LDC04
630312,65851,LDC04
630319,65851,LDC04
630391,65851,LDC04
630392,65851,LDC04
630399,65851,LDC04
630411,65852,LDC04
630419,65852,LDC04
630491,65859,LDC04
630492,65859,LDC04
630493,65859,LDC04
630499,65859,LDC04
630510,65811,LDC04
630520,65812,LDC04
630532,65813,LDC04
630533,65813,LDC04
630539,65813,LDC04
630590,65819,LDC04
630612,65821,LDC04
630619,65821,LDC04
630622,65822,LDC04
630629,65822,LDC04
630630,65823,LDC04
630640,65824,LDC04
630690,65829,LDC04
630710,65892,LDC04
630720,65893,LDC04
630790,65893,LDC04
630800,65899,LDC04
630900,26901,LDC02
631010,26902,LDC02
631090,26902,LDC02
640110,85111,LDC04
640192,85131,LDC04
640199,85131,LDC04
640212,85121,LDC04
640219,85123,LDC04
640220,85132,LDC04
640291,85132,LDC04
640299,85132,LDC04
640312,85122,LDC04
640319,85124,LDC04
640320,85141,LDC04
640340,85115,LDC04
640351,85148,LDC04
640359,85148,LDC04
640391,85148,LDC04
640399,85148,LDC04
640411,85125,LDC04
640419,85151,LDC04
640420,85152,LDC04
640510,85149,LDC04
640520,85159,LDC04
640590,8517,LDC04
640610,8519,LDC04
640620,8519,LDC04
640690,8519,LDC04
650100,65761,LDC04
650200,65762,LDC04
650400,84842,LDC04
650500,84843,LDC04
650610,84844,LDC04
650691,84845,LDC04
650699,84849,LDC04
650700,84848,LDC04
660110,89941,LDC05
660191,89941,LDC05
660199,89941,LDC05
660200,89942,LDC05
660320,89949,LDC05
660390,89949,LDC05
670100,89992,LDC05
670210,89921,LDC05
670290,89929,LDC05
670300,89994,LDC05
670411,89995,LDC05
670419,89995,LDC05
670420,89995,LDC05
670490,89995,LDC05
680100,66131,LDC03
680210,66133,LDC03
680221,66134,LDC03
680223,66135,LDC03
680229,66135,LDC03
680291,66136,LDC03
680292,66139,LDC03
680293,66139,LDC03
680299,66139,LDC03
680300,66132,LDC03
680410,66311,LDC03
680421,66312,LDC03
680422,66312,LDC03
680423,66312,LDC03
680430,66313,LDC03
680510,66321,LDC03
680520,66322,LDC03
680530,66329,LDC03
680610,66351,LDC03
680620,66352,LDC03
680690,66353,LDC03
680710,66181,LDC03
680790,66181,LDC03
680800,66182,LDC03
680911,66331,LDC03
680919,66331,LDC03
680990,66331,LDC03
681011,66332,LDC03
681019,66332,LDC03
681091,66333,LDC03
681099,66334,LDC03
681140,66183,LDC03
681181,66183,LDC03
681182,66183,LDC03
681189,66183,LDC03
681280,66381,LDC03
681291,66381,LDC03
681292,66381,LDC03
681293,66381,LDC03
681299,66381,LDC03
681320,66382,LDC03
681381,66382,LDC03
681389,66382,LDC03
681410,66335,LDC03
681490,66335,LDC03
681510,66336,LDC03
681520,66337,LDC03
681591,66338,LDC03
681599,66339,LDC03
690100,66231,LDC03
690210,66232,LDC03
690220,66232,LDC03
690290,66232,LDC03
690310,6637,LDC03
690320,6637,LDC03
690390,6637,LDC03
690410,66241,LDC03
690490,66241,LDC03
690510,66242,LDC03
690590,66242,LDC03
690600,66243,LDC03
690710,66244,LDC03
690790,66244,LDC03
690810,66245,LDC03
690890,66245,LDC03
690911,66391,LDC03
690912,66391,LDC03
690919,66391,LDC03
690990,66391,LDC03
691010,81221,LDC08
691090,81229,LDC08
691110,66611,LDC05
691190,66612,LDC05
691200,66613,LDC05
691310,66621,LDC05
691390,66629,LDC05
691410,66399,LDC03
691490,66399,LDC03
700100,66411,LDC03
700210,66412,LDC03
700220,66412,LDC03
700231,66412,LDC03
700232,66412,LDC03
700239,66412,LDC03
700312,66451,LDC03
700319,66451,LDC03
700320,66452,LDC03
700330,66453,LDC03
700420,66431,LDC03
700490,66439,LDC03
700510,66441,LDC03
700521,66441,LDC03
700529,66441,LDC03
700530,66442,LDC03
700600,66491,LDC03
700711,66471,LDC03
700719,66471,LDC03
700721,66472,LDC03
700729,66472,LDC03
700800,66492,LDC03
700910,66481,LDC03
700991,66489,LDC03
700992,66489,LDC03
701010,66592,LDC05
701020,66511,LDC05
701090,66511,LDC05
701110,66493,LDC03
701120,66493,LDC03
701190,66493,LDC03
701310,66521,LDC05
701322,66522,LDC05
701328,66522,LDC05
701333,66522,LDC05
701337,66522,LDC05
701341,66523,LDC05
701342,66523,LDC05
701349,66523,LDC05
701391,66529,LDC05
701399,66529,LDC05
701400,66595,LDC05
701510,66494,LDC03
701590,66494,LDC03
701610,66594,LDC05
701690,66496,LDC03
701710,66591,LDC05
701720,66591,LDC05
701790,66591,LDC05
701810,66593,LDC05
701820,66593,LDC05
701890,66593,LDC05
701911,65195,LDC04
701912,65195,LDC04
701919,65195,LDC04
701931,66495,LDC03
701932,66495,LDC03
701939,66495,LDC03
701940,6546,LDC04
701951,6546,LDC04
701952,6546,LDC04
701959,6546,LDC04
701990,66495,LDC03
702000,66599,LDC05
710110,66711,LDC03
710121,66712,LDC03
710122,66713,LDC03
710210,66721,LDC03
710221,27711,LDC01
710229,27719,LDC01
710231,66722,LDC03
710239,66729,LDC03
710310,66731,LDC03
710391,66739,LDC03
710399,66739,LDC03
710410,66741,LDC03
710420,66742,LDC03
710490,66749,LDC03
710510,27721,LDC01
710590,27721,LDC01
710610,68114,LDC01
710691,68113,LDC01
710692,68114,LDC01
710700,68112,LDC01
710811,97101,LDC99
710812,97101,LDC99
710813,97101,LDC99
710900,97102,LDC99
711011,68123,LDC01
711019,68125,LDC01
711021,68124,LDC01
711029,68125,LDC01
711031,68124,LDC01
711039,68125,LDC01
711041,68124,LDC01
711049,68125,LDC01
711100,68122,LDC01
711230,97103,LDC99
711291,97103,LDC99
711292,28921,LDC03
711299,28929,LDC03
711311,89731,LDC05
711319,89731,LDC05
711320,89731,LDC05
711411,89732,LDC05
711419,89732,LDC05
711420,89732,LDC05
711510,89741,LDC05
711590,89749,LDC05
711610,89733,LDC05
711620,89733,LDC05
711711,89721,LDC05
711719,89721,LDC05
711790,89729,LDC05
711810,9610,LDC99
720110,67121,LDC07
720120,67122,LDC07
720150,67123,LDC07
720211,67141,LDC07
720219,67149,LDC07
720221,67151,LDC07
720229,67151,LDC07
720230,67152,LDC07
720241,67153,LDC07
720249,67153,LDC07
720250,67154,LDC07
720260,67155,LDC07
720270,67159,LDC07
720280,67159,LDC07
720291,67159,LDC07
720292,67159,LDC07
720293,67159,LDC07
720299,67159,LDC07
720310,67133,LDC07
720390,67133,LDC07
720410,2821,LDC03
720421,28221,LDC03
720429,28229,LDC03
720430,28231,LDC03
720441,28232,LDC03
720449,28239,LDC03
720450,28233,LDC03
720510,67131,LDC07
720521,67132,LDC07
720529,67132,LDC07
720610,67241,LDC07
720690,67245,LDC07
720711,67261,LDC07
720712,67262,LDC07
720719,67269,LDC07
720720,6727,LDC07
720810,67321,LDC05
720825,67321,LDC05
720826,673,LDC05
720827,673,LDC05
720836,67321,LDC05
720837,67321,LDC05
720838,673,LDC05
720839,673,LDC05
720840,67324,LDC05
720851,67324,LDC05
720852,67324,LDC05
720853,673,LDC05
720854,673,LDC05
720890,67351,LDC05
720915,67341,LDC05
720916,67342,LDC05
720917,67343,LDC05
720918,673,LDC05
720925,67335,LDC05
720926,67346,LDC05
720927,67347,LDC05
720928,67348,LDC05
720990,67352,LDC05
721011,67421,LDC05
721012,67421,LDC05
721020,67441,LDC05
721030,67411,LDC05
721041,67413,LDC05
721049,67413,LDC05
721050,67442,LDC05
721061,67443,LDC05
721069,67443,LDC05
721070,67431,LDC05
721090,67444,LDC05
721113,67316,LDC05
721114,67327,LDC05
721119,67329,LDC05
721123,67349,LDC05
721129,67349,LDC05
721190,67353,LDC05
721210,67422,LDC05
721220,67412,LDC05
721230,67414,LDC05
721240,67432,LDC05
721250,67451,LDC05
721260,67452,LDC05
721310,67611,LDC05
721320,67612,LDC05
721391,6761,LDC05
721399,676,LDC05
721410,67643,LDC05
721420,67621,LDC05
721430,67622,LDC05
721491,6762,LDC05
721499,676,LDC05
721510,67631,LDC05
721550,67633,LDC05
721590,67644,LDC05
721610,67681,LDC05
721621,67681,LDC05
721622,67681,LDC05
721631,67682,LDC05
721632,67682,LDC05
721633,67682,LDC05
721640,67682,LDC05
721650,67683,LDC05
721661,67684,LDC05
721669,67684,LDC05
721691,67685,LDC05
721699,67685,LDC05
721710,6781,LDC05
721720,6781,LDC05
721730,6781,LDC05
721790,6781,LDC05
721810,67247,LDC07
721891,67281,LDC07
721899,67281,LDC07
721911,67531,LDC05
721912,67531,LDC05
721913,67532,LDC05
721914,67533,LDC05
721921,67534,LDC05
721922,67534,LDC05
721923,67535,LDC05
721924,67536,LDC05
721931,67551,LDC05
721932,67552,LDC05
721933,67553,LDC05
721934,67554,LDC05
721935,67555,LDC05
721990,67571,LDC05
722011,67537,LDC05
722012,67538,LDC05
722020,67556,LDC05
722090,67572,LDC05
722100,67615,LDC05
722211,67625,LDC05
722219,67625,LDC05
722220,67634,LDC05
722230,67645,LDC05
722240,67687,LDC05
722300,67821,LDC05
722410,67249,LDC07
722490,67282,LDC07
722511,67511,LDC05
722519,67511,LDC05
722530,67541,LDC05
722540,67542,LDC05
722550,67561,LDC05
722591,67573,LDC05
722592,67573,LDC05
722599,67573,LDC05
722611,67512,LDC05
722619,67512,LDC05
722620,67522,LDC05
722691,67543,LDC05
722692,67562,LDC05
722699,67574,LDC05
722710,67617,LDC05
722720,67619,LDC05
722790,67619,LDC05
722810,67641,LDC05
722820,67642,LDC05
722830,67629,LDC05
722840,67646,LDC05
722850,67639,LDC05
722860,67647,LDC05
722870,67688,LDC05
722880,67648,LDC05
722920,67829,LDC05
722990,67829,LDC05
730110,67686,LDC05
730120,67686,LDC05
730210,67701,LDC05
730230,67709,LDC05
730240,67709,LDC05
730290,67709,LDC05
730300,67911,LDC07
730411,67912,LDC07
730419,67912,LDC07
730422,67913,LDC07
730423,67913,LDC07
730424,67913,LDC07
730429,67913,LDC07
730431,67914,LDC07
730439,67914,LDC07
730441,67915,LDC07
730449,67915,LDC07
730451,67916,LDC07
730459,67916,LDC07
730490,67917,LDC07
730511,67931,LDC07
730512,67931,LDC07
730519,67931,LDC07
730520,67932,LDC07
730531,67933,LDC07
730539,67933,LDC07
730590,67939,LDC07
730611,67941,LDC07
730619,67941,LDC07
730621,67942,LDC07
730629,67942,LDC07
730630,67943,LDC07
730640,67943,LDC07
730650,67943,LDC07
730661,67944,LDC07
730669,67944,LDC07
730690,67949,LDC07
730711,67951,LDC07
730719,67952,LDC07
730721,67953,LDC07
730722,67954,LDC07
730723,67955,LDC07
730729,67956,LDC07
730791,67959,LDC07
730792,67959,LDC07
730793,67959,LDC07
730799,67959,LDC07
730810,69111,LDC05
730820,69112,LDC05
730830,69113,LDC05
730840,69114,LDC05
730890,69119,LDC05
730900,69211,LDC05
731010,69241,LDC05
731021,69241,LDC05
731029,69241,LDC05
731100,69243,LDC05
731210,69311,LDC05
731290,69311,LDC05
731300,6932,LDC05
731412,69351,LDC05
731414,69351,LDC05
731419,69351,LDC05
731420,69351,LDC05
731431,69351,LDC05
731439,69351,LDC05
731441,69351,LDC05
731442,69351,LDC05
731449,69351,LDC05
731450,69351,LDC05
731511,74831,LDC08
731512,74832,LDC08
731519,74839,LDC08
731520,69921,LDC05
731581,69922,LDC05
731582,69922,LDC05
731589,69922,LDC05
731590,69922,LDC05
731600,69961,LDC05
731700,6941,LDC05
731811,69421,LDC05
731812,69421,LDC05
731813,69421,LDC05
731814,69421,LDC05
731815,69421,LDC05
731816,69421,LDC05
731819,69421,LDC05
731821,69422,LDC05
731822,69422,LDC05
731823,69422,LDC05
731824,69422,LDC05
731829,69422,LDC05
731940,69932,LDC05
731990,69931,LDC05
732010,69941,LDC05
732020,69941,LDC05
732090,69941,LDC05
732111,69731,LDC05
732112,69731,LDC05
732119,69731,LDC05
732181,69732,LDC05
732182,69732,LDC05
732189,69732,LDC05
732190,69733,LDC05
732211,81211,LDC08
732219,81211,LDC08
732290,81215,LDC08
732310,69744,LDC05
732391,69741,LDC05
732392,69741,LDC05
732393,69741,LDC05
732394,69741,LDC05
732399,69741,LDC05
732410,69751,LDC05
732421,69751,LDC05
732429,69751,LDC05
732490,69751,LDC05
732510,69962,LDC05
732591,69963,LDC05
732599,69963,LDC05
732611,69965,LDC05
732619,69965,LDC05
732620,69967,LDC05
732690,69969,LDC05
740100,28321,LDC03
740200,68211,LDC01
740311,68212,LDC01
740312,68212,LDC01
740313,68212,LDC01
740319,68212,LDC01
740321,68214,LDC01
740322,68214,LDC01
740329,68214,LDC01
740400,28821,LDC03
740500,68213,LDC01
740610,68262,LDC01
740620,68262,LDC01
740710,68231,LDC01
740721,68232,LDC01
740729,68232,LDC01
740811,68241,LDC01
740819,68241,LDC01
740821,68242,LDC01
740822,68242,LDC01
740829,68242,LDC01
740911,68251,LDC01
740919,68251,LDC01
740921,68252,LDC01
740929,68252,LDC01
740931,68252,LDC01
740939,68252,LDC01
740940,68252,LDC01
740990,68252,LDC01
741011,68261,LDC01
741012,68261,LDC01
741021,68261,LDC01
741022,68261,LDC01
741110,68271,LDC01
741121,68271,LDC01
741122,68271,LDC01
741129,68271,LDC01
741210,68272,LDC01
741220,68272,LDC01
741300,69312,LDC05
741510,69431,LDC05
741521,69432,LDC05
741529,69432,LDC05
741533,69433,LDC05
741539,69433,LDC05
741810,69742,LDC05
741820,69752,LDC05
741910,69971,LDC05
741991,69973,LDC05
741999,69973,LDC05
750110,28421,LDC03
750120,28422,LDC03
750210,68311,LDC01
750220,68312,LDC01
750300,28822,LDC03
750400,68323,LDC01
750511,68321,LDC01
750512,68321,LDC01
750521,68321,LDC01
750522,68321,LDC01
750610,68324,LDC01
750620,68324,LDC01
750711,68322,LDC01
750712,68322,LDC01
750720,68322,LDC01
750810,69975,LDC05
750890,69975,LDC05
760110,68411,LDC01
760120,68412,LDC01
760200,28823,LDC03
760310,68425,LDC01
760320,68425,LDC01
760410,68421,LDC01
760421,68421,LDC01
760429,68421,LDC01
760511,68422,LDC01
760519,68422,LDC01
760521,68422,LDC01
760529,68422,LDC01
760611,68423,LDC01
760612,68423,LDC01
760691,68423,LDC01
760692,68423,LDC01
760711,68424,LDC01
760719,68424,LDC01
760720,68424,LDC01
760810,68426,LDC01
760820,68426,LDC01
760900,68427,LDC01
761010,69121,LDC05
761090,69129,LDC05
761100,69212,LDC05
761210,69242,LDC05
761290,69242,LDC05
761300,69244,LDC05
761410,69313,LDC05
761490,69313,LDC05
761510,69743,LDC05
761520,69753,LDC05
761610,6944,LDC05
761691,69979,LDC05
761699,69979,LDC05
780110,68512,LDC01
780191,68511,LDC01
780199,68511,LDC01
780200,28824,LDC03
780411,68522,LDC01
780419,68522,LDC01
780420,68522,LDC01
780600,69976,LDC05
790111,68611,LDC01
790112,68611,LDC01
790120,68612,LDC01
790200,28825,LDC03
790310,68633,LDC01
790390,68633,LDC01
790400,68631,LDC01
790500,68632,LDC01
790700,69977,LDC05
800110,68711,LDC01
800120,68712,LDC01
800200,28826,LDC03
800300,68721,LDC01
800700,69978,LDC05
810110,68911,LDC03
810194,68911,LDC03
810196,69991,LDC05
810197,68911,LDC03
810199,69991,LDC05
810210,68912,LDC03
810294,68912,LDC03
810295,69992,LDC05
810296,69992,LDC05
810297,68912,LDC03
810299,69992,LDC05
810320,68913,LDC03
810330,68913,LDC03
810390,69993,LDC05
810411,68915,LDC03
810419,68915,LDC03
810420,68914,LDC03
810430,69994,LDC05
810490,69994,LDC05
810520,68981,LDC03
810530,68981,LDC03
810590,69981,LDC05
810600,68992,LDC03
810720,68982,LDC03
810730,68982,LDC03
810790,69983,LDC05
810820,68983,LDC03
810830,68983,LDC03
810890,69985,LDC05
810920,68984,LDC03
810930,68984,LDC03
810990,69987,LDC05
811010,68993,LDC03
811020,68993,LDC03
811090,68993,LDC03
811100,68994,LDC03
811212,68991,LDC03
811213,68991,LDC03
811219,69995,LDC05
811221,68995,LDC03
811222,68995,LDC03
811229,68995,LDC03
811251,68998,LDC03
811252,68998,LDC03
811259,69999,LDC05
811292,68998,LDC03
811299,69999,LDC05
811300,68999,LDC03
820110,6951,LDC05
820130,6951,LDC05
820140,6951,LDC05
820150,6951,LDC05
820160,6951,LDC05
820190,6951,LDC05
820210,69521,LDC05
820220,69551,LDC05
820231,69552,LDC05
820239,69553,LDC05
820240,69554,LDC05
820291,69555,LDC05
820299,69559,LDC05
820310,69522,LDC05
820320,69523,LDC05
820330,69523,LDC05
820340,69523,LDC05
820411,6953,LDC05
820412,6953,LDC05
820420,6953,LDC05
820510,69541,LDC05
820520,69542,LDC05
820530,69543,LDC05
820540,69544,LDC05
820551,69545,LDC05
820559,69546,LDC05
820560,69546,LDC05
820570,69547,LDC05
820590,69549,LDC05
820600,6957,LDC05
820713,69563,LDC05
820719,69563,LDC05
820720,69564,LDC05
820730,69564,LDC05
820740,69564,LDC05
820750,69564,LDC05
820760,69564,LDC05
820770,69564,LDC05
820780,69564,LDC05
820790,69564,LDC05
820810,69561,LDC05
820820,69561,LDC05
820830,69561,LDC05
820840,69561,LDC05
820890,69561,LDC05
820900,69562,LDC05
821000,69781,LDC05
821110,6968,LDC05
821191,6968,LDC05
821192,6968,LDC05
821193,6968,LDC05
821194,6968,LDC05
821195,6968,LDC05
821210,69631,LDC05
821220,69635,LDC05
821290,69638,LDC05
821300,6964,LDC05
821410,69651,LDC05
821420,69655,LDC05
821490,69659,LDC05
821510,69661,LDC05
821520,69662,LDC05
821591,69663,LDC05
821599,69669,LDC05
830110,69911,LDC05
830120,69911,LDC05
830130,69911,LDC05
830140,69911,LDC05
830150,69911,LDC05
830160,69911,LDC05
830170,69911,LDC05
830210,69913,LDC05
830220,69914,LDC05
830230,69915,LDC05
830241,69916,LDC05
830242,69917,LDC05
830249,69919,LDC05
830250,69919,LDC05
830260,69919,LDC05
830300,69912,LDC05
830400,89511,LDC05
830510,89512,LDC05
830520,89512,LDC05
830590,89512,LDC05
830610,69952,LDC05
830621,69782,LDC05
830629,69782,LDC05
830630,69782,LDC05
830710,69951,LDC05
830790,69951,LDC05
830810,69933,LDC05
830820,69933,LDC05
830890,69933,LDC05
830910,69953,LDC05
830990,69953,LDC05
831000,69954,LDC05
831110,69955,LDC05
831120,69955,LDC05
831130,69955,LDC05
831190,69955,LDC05
840110,71871,LDC09
840120,72847,LDC08
840130,71877,LDC09
840140,71878,LDC09
840211,71111,LDC08
840212,71111,LDC08
840219,71111,LDC08
840220,71112,LDC08
840290,71191,LDC08
840310,81217,LDC08
840390,81219,LDC08
840410,71121,LDC08
840420,71122,LDC08
840490,71192,LDC08
840510,74171,LDC08
840590,74172,LDC08
840610,71211,LDC10
840681,71219,LDC10
840682,71219,LDC10
840690,7128,LDC10
840710,71311,LDC08
840721,71331,LDC08
840729,71332,LDC08
840731,71321,LDC08
840732,71321,LDC08
840733,71321,LDC08
840734,71322,LDC08
840790,71381,LDC08
840810,71333,LDC08
840820,71323,LDC08
840890,71382,LDC08
840910,71319,LDC08
840991,71391,LDC08
840999,71392,LDC08
841011,71811,LDC09
841012,71811,LDC09
841013,71811,LDC09
841090,71819,LDC09
841111,71441,LDC08
841112,71441,LDC08
841121,71481,LDC08
841122,71481,LDC08
841181,71489,LDC08
841182,71489,LDC08
841191,71491,LDC08
841199,71499,LDC08
841210,71449,LDC08
841221,71891,LDC09
841229,71893,LDC09
841231,71892,LDC09
841239,71893,LDC09
841280,71893,LDC09
841290,71899,LDC09
841311,74211,LDC08
841319,74219,LDC08
841320,74271,LDC08
841330,7422,LDC08
841340,7423,LDC08
841350,7424,LDC08
841360,7425,LDC08
841370,7426,LDC08
841381,74271,LDC08
841382,74275,LDC08
841391,74291,LDC08
841392,74295,LDC08
841410,74311,LDC08
841420,74313,LDC08
841430,74315,LDC08
841440,74317,LDC08
841451,74341,LDC08
841459,74343,LDC08
841460,74345,LDC08
841480,74319,LDC08
841490,7438,LDC08
841510,74151,LDC08
841520,74155,LDC08
841581,74155,LDC08
841582,74155,LDC08
841583,74155,LDC08
841590,74159,LDC08
841610,74121,LDC08
841620,74123,LDC08
841630,74125,LDC08
841690,74128,LDC08
841710,74136,LDC08
841720,74137,LDC08
841780,74138,LDC08
841790,74139,LDC08
841810,77521,LDC08
841821,77521,LDC08
841829,77521,LDC08
841830,77522,LDC08
841840,77522,LDC08
841850,74143,LDC08
841861,74145,LDC08
841869,74145,LDC08
841891,74149,LDC08
841899,74149,LDC08
841911,74181,LDC08
841919,74182,LDC08
841920,74183,LDC08
841931,74184,LDC08
841932,74185,LDC08
841939,74186,LDC08
841940,74173,LDC08
841950,74174,LDC08
841960,74175,LDC08
841981,74187,LDC08
841989,74189,LDC08
841990,7419,LDC08
842010,74591,LDC08
842091,74593,LDC08
842099,74593,LDC08
842111,74351,LDC08
842112,74355,LDC08
842119,74359,LDC08
842121,74361,LDC08
842122,74362,LDC08
842123,74363,LDC08
842129,74367,LDC08
842131,74364,LDC08
842139,74369,LDC08
842191,74391,LDC08
842199,74395,LDC08
842211,7753,LDC08
842219,74521,LDC08
842220,74523,LDC08
842230,74527,LDC08
842240,74527,LDC08
842290,74529,LDC08
842310,74532,LDC08
842320,74531,LDC08
842330,74531,LDC08
842381,74531,LDC08
842382,74531,LDC08
842389,74531,LDC08
842390,74539,LDC08
842410,74561,LDC08
842420,74562,LDC08
842430,74563,LDC08
842481,74564,LDC08
842489,74565,LDC08
842490,74568,LDC08
842511,74421,LDC08
842519,74421,LDC08
842531,74425,LDC08
842539,74425,LDC08
842541,74441,LDC08
842542,74443,LDC08
842549,74449,LDC08
842611,74431,LDC08
842612,74432,LDC08
842619,74433,LDC08
842620,74434,LDC08
842630,74435,LDC08
842641,74437,LDC08
842649,74437,LDC08
842691,74439,LDC08
842699,74439,LDC08
842710,74411,LDC08
842720,74412,LDC08
842790,74413,LDC08
842810,74481,LDC08
842820,74471,LDC08
842831,74472,LDC08
842832,74473,LDC08
842833,74474,LDC08
842839,74479,LDC08
842840,74485,LDC08
842860,74489,LDC08
842890,74489,LDC08
842911,72311,LDC08
842919,72311,LDC08
842920,72312,LDC08
842930,72331,LDC08
842940,72333,LDC08
842951,72321,LDC08
842952,72322,LDC08
842959,72329,LDC08
843010,72341,LDC08
843020,72342,LDC08
843031,72335,LDC08
843039,72343,LDC08
843041,72337,LDC08
843049,72344,LDC08
843050,72339,LDC08
843061,72345,LDC08
843069,72347,LDC08
843110,74491,LDC08
843120,74492,LDC08
843131,74493,LDC08
843139,74494,LDC08
843141,72391,LDC08
843142,72392,LDC08
843143,72393,LDC08
843149,72399,LDC08
843210,72111,LDC08
843221,72113,LDC08
843229,72113,LDC08
843230,72112,LDC08
843240,72112,LDC08
843280,72118,LDC08
843290,72119,LDC08
843311,72121,LDC08
843319,72121,LDC08
843320,72123,LDC08
843330,72123,LDC08
843340,72123,LDC08
843351,72122,LDC08
843352,72123,LDC08
843353,72123,LDC08
843359,72123,LDC08
843360,72126,LDC08
843390,72129,LDC08
843410,72131,LDC08
843420,72138,LDC08
843490,72139,LDC08
843510,72191,LDC08
843590,72198,LDC08
843610,72196,LDC08
843621,72195,LDC08
843629,72195,LDC08
843680,72196,LDC08
843691,72199,LDC08
843699,72199,LDC08
843710,72127,LDC08
843780,72711,LDC08
843790,72719,LDC08
843810,72722,LDC08
843820,72722,LDC08
843830,72722,LDC08
843840,72722,LDC08
843850,72722,LDC08
843860,72722,LDC08
843880,72722,LDC08
843890,72729,LDC08
843910,72511,LDC08
843920,72512,LDC08
843930,72512,LDC08
843991,72591,LDC08
843999,72591,LDC08
844010,72681,LDC08
844090,72689,LDC08
844110,72521,LDC08
844120,72523,LDC08
844130,72525,LDC08
844140,72527,LDC08
844180,72529,LDC08
844190,72599,LDC08
844230,72631,LDC08
844240,72691,LDC08
844250,72635,LDC08
844311,72651,LDC08
844312,72655,LDC08
844313,72659,LDC08
844314,72661,LDC08
844315,72661,LDC08
844316,72663,LDC08
844317,72665,LDC08
844319,72667,LDC08
844331,7513,LDC09
844332,7513,LDC09
844339,7513,LDC09
844391,72699,LDC08
844399,759,LDC09
844400,72441,LDC08
844511,72442,LDC08
844512,72442,LDC08
844513,72442,LDC08
844519,72442,LDC08
844520,72443,LDC08
844530,72443,LDC08
844540,72443,LDC08
844590,72454,LDC08
844610,72451,LDC08
844621,72451,LDC08
844629,72451,LDC08
844630,72451,LDC08
844711,72452,LDC08
844712,72452,LDC08
844720,72452,LDC08
844790,72453,LDC08
844811,72461,LDC08
844819,72461,LDC08
844820,72449,LDC08
844831,72449,LDC08
844832,72449,LDC08
844833,72449,LDC08
844839,72449,LDC08
844842,72467,LDC08
844849,72467,LDC08
844851,72468,LDC08
844859,72468,LDC08
844900,72455,LDC08
845011,77511,LDC08
845012,77511,LDC08
845019,77511,LDC08
845020,72471,LDC08
845090,72491,LDC08
845110,72472,LDC08
845121,77512,LDC08
845129,72473,LDC08
845130,72474,LDC08
845140,72474,LDC08
845150,72474,LDC08
845180,72474,LDC08
845190,72492,LDC08
845210,72433,LDC08
845221,72435,LDC08
845229,72435,LDC08
845230,72439,LDC08
845290,72439,LDC08
845310,72481,LDC08
845320,72483,LDC08
845380,72485,LDC08
845390,72488,LDC08
845410,73711,LDC08
845420,73711,LDC08
845430,73712,LDC08
845490,73719,LDC08
845510,73721,LDC08
845521,73721,LDC08
845522,73721,LDC08
845530,73729,LDC08
845590,73729,LDC08
845610,73111,LDC08
845620,73112,LDC08
845630,73113,LDC08
845690,73114,LDC08
845710,73121,LDC08
845720,73122,LDC08
845730,73123,LDC08
845811,73131,LDC08
845819,73137,LDC08
845891,73135,LDC08
845899,73139,LDC08
845910,73141,LDC08
845921,73142,LDC08
845929,73143,LDC08
845931,73144,LDC08
845939,73145,LDC08
845940,73146,LDC08
845951,73151,LDC08
845959,73152,LDC08
845961,73153,LDC08
845969,73154,LDC08
845970,73157,LDC08
846011,73161,LDC08
846019,73162,LDC08
846021,73163,LDC08
846029,73164,LDC08
846031,73165,LDC08
846039,73166,LDC08
846040,73167,LDC08
846090,73169,LDC08
846120,73171,LDC08
846130,73173,LDC08
846140,73175,LDC08
846150,73177,LDC08
846190,73179,LDC08
846210,73311,LDC08
846221,73312,LDC08
846229,73313,LDC08
846231,73314,LDC08
846239,73315,LDC08
846241,73316,LDC08
846249,73317,LDC08
846291,73318,LDC08
846299,73318,LDC08
846310,73391,LDC08
846320,73393,LDC08
846330,73395,LDC08
846390,73399,LDC08
846410,72811,LDC08
846420,72811,LDC08
846490,72811,LDC08
846510,72812,LDC08
846591,72812,LDC08
846592,72812,LDC08
846593,72812,LDC08
846594,72812,LDC08
846595,72812,LDC08
846596,72812,LDC08
846599,72812,LDC08
846610,73511,LDC08
846620,73513,LDC08
846630,73515,LDC08
846691,72819,LDC08
846692,72819,LDC08
846693,73591,LDC08
846694,73595,LDC08
846711,74511,LDC08
846719,74511,LDC08
846721,77841,LDC09
846722,77843,LDC09
846729,77845,LDC09
846781,74512,LDC08
846789,74512,LDC08
846791,74519,LDC08
846792,74519,LDC08
846799,74519,LDC08
846810,73741,LDC08
846820,73742,LDC08
846880,73743,LDC08
846890,73749,LDC08
846900,7511,LDC09
847010,75121,LDC09
847021,75122,LDC09
847029,75122,LDC09
847030,75122,LDC09
847050,75124,LDC09
847090,75128,LDC09
847130,7522,LDC09
847141,7522,LDC09
847149,7523,LDC09
847150,7523,LDC09
847160,7526,LDC09
847170,7527,LDC09
847180,7529,LDC09
847190,7529,LDC09
847210,75191,LDC09
847230,75193,LDC09
847290,75199,LDC09
847310,75991,LDC09
847321,75995,LDC09
847329,75995,LDC09
847330,75997,LDC09
847340,75993,LDC09
847350,7599,LDC09
847410,72831,LDC08
847420,72832,LDC08
847431,72833,LDC08
847432,72833,LDC08
847439,72833,LDC08
847480,72834,LDC08
847490,72839,LDC08
847510,72841,LDC08
847521,72841,LDC08
847529,72841,LDC08
847590,72851,LDC08
847621,74595,LDC08
847629,74595,LDC08
847681,74595,LDC08
847689,74595,LDC08
847690,74597,LDC08
847710,72842,LDC08
847720,72842,LDC08
847730,72842,LDC08
847740,72842,LDC08
847751,72842,LDC08
847759,72842,LDC08
847780,72842,LDC08
847790,72852,LDC08
847810,72843,LDC08
847890,72853,LDC08
847910,72348,LDC08
847920,72721,LDC08
847930,72844,LDC08
847940,72849,LDC08
847950,72849,LDC08
847960,72849,LDC08
847971,72849,LDC08
847979,72849,LDC08
847981,72846,LDC08
847982,72849,LDC08
847989,72849,LDC08
847990,72855,LDC08
848010,74911,LDC08
848020,74912,LDC08
848030,74913,LDC08
848041,74914,LDC08
848049,74915,LDC08
848050,74916,LDC08
848060,74917,LDC08
848071,74918,LDC08
848079,74919,LDC08
848110,7471,LDC08
848120,7472,LDC08
848130,7473,LDC08
848140,7474,LDC08
848180,7478,LDC08
848190,7479,LDC08
848210,7461,LDC08
848220,7462,LDC08
848230,7463,LDC08
848240,7464,LDC08
848250,7465,LDC08
848280,7468,LDC08
848291,74691,LDC08
848299,74699,LDC08
848310,7481,LDC08
848320,74821,LDC08
848330,74822,LDC08
848340,7484,LDC08
848350,7485,LDC08
848360,7486,LDC08
848390,7489,LDC08
848410,7492,LDC08
848420,74999,LDC08
848490,7492,LDC08
848610,72849,LDC08
848620,72849,LDC08
848630,72849,LDC08
848640,72849,LDC08
848690,72855,LDC08
848710,74991,LDC08
848790,74999,LDC08
850110,7161,LDC09
850120,71631,LDC09
850131,7162,LDC09
850132,7162,LDC09
850133,7162,LDC09
850134,7162,LDC09
850140,71631,LDC09
850151,71631,LDC09
850152,71631,LDC09
850153,71631,LDC09
850161,71632,LDC09
850162,71632,LDC09
850163,71632,LDC09
850164,71632,LDC09
850211,71651,LDC09
850212,71651,LDC09
850213,71651,LDC09
850220,71651,LDC09
850231,71652,LDC09
850239,71652,LDC09
850240,7164,LDC09
850300,7169,LDC09
850410,77123,LDC09
850421,77111,LDC09
850422,77111,LDC09
850423,77111,LDC09
850431,77119,LDC09
850432,77119,LDC09
850433,77119,LDC09
850434,77119,LDC09
850440,77121,LDC09
850450,77125,LDC09
850490,77129,LDC09
850511,77881,LDC09
850519,77881,LDC09
850520,77881,LDC09
850590,77881,LDC09
850610,77811,LDC09
850630,77811,LDC09
850640,77811,LDC09
850650,77811,LDC09
850660,77811,LDC09
850680,77811,LDC09
850690,77817,LDC09
850710,77812,LDC09
850720,77812,LDC09
850730,77812,LDC09
850740,77812,LDC09
850750,77812,LDC09
850760,77812,LDC09
850780,77812,LDC09
850790,77819,LDC09
850811,77571,LDC08
850819,77571,LDC08
850860,775,LDC08
850870,775,LDC08
850940,77572,LDC08
850980,77573,LDC08
850990,77579,LDC08
851010,77541,LDC08
851020,77542,LDC08
851030,77573,LDC08
851090,77549,LDC08
851110,77831,LDC09
851120,77831,LDC09
851130,77831,LDC09
851140,77831,LDC09
851150,77831,LDC09
851180,77831,LDC09
851190,77833,LDC09
851210,77834,LDC09
851220,77834,LDC09
851230,77834,LDC09
851240,77834,LDC09
851290,77835,LDC09
851310,81312,LDC08
851390,8138,LDC08
851410,74131,LDC08
851420,74132,LDC08
851430,74133,LDC08
851440,74134,LDC08
851490,74135,LDC08
851511,73731,LDC08
851519,73732,LDC08
851521,73733,LDC08
851529,73734,LDC08
851531,73735,LDC08
851539,73736,LDC08
851580,73737,LDC08
851590,73739,LDC08
851610,77581,LDC08
851621,77582,LDC08
851629,77582,LDC08
851631,77583,LDC08
851632,77583,LDC08
851633,77583,LDC08
851640,77584,LDC08
851650,77586,LDC08
851660,77586,LDC08
851671,77587,LDC08
851672,77587,LDC08
851679,77587,LDC08
851680,77588,LDC08
851690,77589,LDC08
851711,76411,LDC09
851712,76432,LDC09
851718,76411,LDC09
851761,76417,LDC09
851762,764,LDC09
851769,764,LDC09
851770,7649,LDC09
851810,76421,LDC09
851821,76422,LDC09
851822,76422,LDC09
851829,76423,LDC09
851830,76424,LDC09
851840,76425,LDC09
851850,76426,LDC09
851890,76492,LDC09
851920,76331,LDC08
851930,76335,LDC08
851950,76384,LDC08
851981,7638,LDC08
851989,7638,LDC08
852110,76381,LDC08
852190,76381,LDC08
852210,76499,LDC09
852290,76499,LDC09
852321,898,LDC05
852329,898,LDC05
852341,898,LDC05
852349,898,LDC05
852351,898,LDC05
852352,7764,LDC09
852359,898,LDC05
852380,898,LDC05
852550,76431,LDC09
852560,76432,LDC09
852580,76381,LDC08
852610,76483,LDC09
852691,76483,LDC09
852692,76483,LDC09
852712,76221,LDC08
852713,76221,LDC08
852719,76222,LDC08
852721,76211,LDC08
852729,76212,LDC08
852791,76281,LDC08
852792,76282,LDC08
852799,76289,LDC08
852841,7526,LDC09
852849,7611,LDC09
852851,7526,LDC09
852859,7611,LDC09
852861,7526,LDC09
852869,7611,LDC09
852871,7611,LDC09
852872,7611,LDC09
852873,7612,LDC09
852910,76493,LDC09
852990,76493,LDC09
853010,77882,LDC09
853080,77882,LDC09
853090,77883,LDC09
853110,77884,LDC09
853120,77884,LDC09
853180,77884,LDC09
853190,77885,LDC09
853210,77861,LDC09
853221,77862,LDC09
853222,77863,LDC09
853223,77864,LDC09
853224,77865,LDC09
853225,77866,LDC09
853229,77867,LDC09
853230,77868,LDC09
853290,77869,LDC09
853310,77231,LDC08
853321,77232,LDC08
853329,77232,LDC08
853331,77233,LDC08
853339,77233,LDC08
853340,77235,LDC08
853390,77238,LDC08
853400,7722,LDC08
853510,77241,LDC08
853521,77242,LDC08
853529,77243,LDC08
853530,77244,LDC08
853540,77245,LDC08
853590,77249,LDC08
853610,77251,LDC08
853620,77252,LDC08
853630,77253,LDC08
853641,77254,LDC08
853649,77254,LDC08
853650,77255,LDC08
853661,77257,LDC08
853669,77258,LDC08
853670,77259,LDC08
853690,77259,LDC08
853710,77261,LDC08
853720,77262,LDC08
853810,77281,LDC08
853890,77282,LDC08
853910,77823,LDC09
853921,77821,LDC09
853922,77821,LDC09
853929,77821,LDC09
853931,77822,LDC09
853932,77822,LDC09
853939,77822,LDC09
853941,77824,LDC09
853949,77824,LDC09
853990,77829,LDC09
854011,77611,LDC09
854012,77612,LDC09
854020,77621,LDC09
854040,77623,LDC09
854060,77623,LDC09
854071,77625,LDC09
854079,77625,LDC09
854081,77627,LDC09
854089,77627,LDC09
854091,77629,LDC09
854099,77629,LDC09
854110,77631,LDC09
854121,77632,LDC09
854129,77633,LDC09
854130,77635,LDC09
854140,77637,LDC09
854150,77639,LDC09
854160,77681,LDC09
854190,77688,LDC09
854231,7764,LDC09
854232,7764,LDC09
854233,7764,LDC09
854239,7764,LDC09
854290,77689,LDC09
854310,77871,LDC09
854320,77878,LDC09
854330,77878,LDC09
854370,77878,LDC09
854390,77879,LDC09
854411,77311,LDC08
854419,77311,LDC08
854420,77312,LDC08
854430,77313,LDC08
854442,7731,LDC08
854449,7731,LDC08
854460,77317,LDC08
854470,77318,LDC08
854511,77886,LDC09
854519,77886,LDC09
854520,77886,LDC09
854590,77886,LDC09
854610,77322,LDC08
854620,77323,LDC08
854690,77324,LDC08
854710,77326,LDC08
854720,77328,LDC08
854790,77329,LDC08
854810,77812,LDC09
854890,77889,LDC09
860110,79111,LDC07
860120,79115,LDC07
860210,79121,LDC07
860290,79129,LDC07
860310,7916,LDC07
860390,7916,LDC07
860400,79181,LDC07
860500,7917,LDC07
860610,79182,LDC07
860630,79182,LDC07
860691,79182,LDC07
860692,79182,LDC07
860699,79182,LDC07
860711,79199,LDC07
860712,79199,LDC07
860719,79199,LDC07
860721,79199,LDC07
860729,79199,LDC07
860730,79199,LDC07
860791,79199,LDC07
860799,79199,LDC07
860800,79191,LDC07
860900,7863,LDC07
870110,72241,LDC08
870120,7832,LDC06
870130,7223,LDC08
870190,72249,LDC08
870210,78311,LDC06
870290,78319,LDC06
870310,7811,LDC06
870321,7812,LDC06
870322,7812,LDC06
870323,7812,LDC06
870324,7812,LDC06
870331,7812,LDC06
870332,7812,LDC06
870333,7812,LDC06
870390,7812,LDC06
870410,78211,LDC06
870421,78219,LDC06
870422,78219,LDC06
870423,78219,LDC06
870431,78219,LDC06
870432,78219,LDC06
870490,78219,LDC06
870510,78221,LDC06
870520,78223,LDC06
870530,78225,LDC06
870540,78227,LDC06
870590,78229,LDC06
870600,7841,LDC06
870710,78421,LDC06
870790,78425,LDC06
870810,78431,LDC06
870821,78432,LDC06
870829,78432,LDC06
870830,78433,LDC06
870840,78434,LDC06
870850,78435,LDC06
870870,78439,LDC06
870880,78439,LDC06
870891,78439,LDC06
870892,78439,LDC06
870893,78439,LDC06
870894,78439,LDC06
870895,78439,LDC06
870899,78439,LDC06
870911,74414,LDC08
870919,74415,LDC08
870990,74419,LDC08
871000,89111,LDC08
871110,78511,LDC06
871120,78513,LDC06
871130,78515,LDC06
871140,78516,LDC06
871150,78517,LDC06
871190,78519,LDC06
871200,7852,LDC06
871310,78531,LDC06
871390,78531,LDC06
871410,78535,LDC06
871420,78536,LDC06
871491,78537,LDC06
871492,78537,LDC06
871493,78537,LDC06
871494,78537,LDC06
871495,78537,LDC06
871496,78537,LDC06
871499,78537,LDC06
871500,8941,LDC05
871610,7861,LDC07
871620,78621,LDC07
871631,78622,LDC07
871639,78629,LDC07
871640,78683,LDC07
871680,78685,LDC07
871690,78689,LDC07
880100,7928,LDC10
880211,79211,LDC10
880212,79215,LDC10
880220,7922,LDC10
880230,7923,LDC10
880240,7924,LDC10
880260,7925,LDC10
880310,79291,LDC10
880320,79293,LDC10
880330,79295,LDC10
880390,79297,LDC10
880400,89996,LDC05
880510,79283,LDC10
880521,79283,LDC10
880529,79283,LDC10
890110,79328,LDC08
890120,79322,LDC08
890130,79326,LDC08
890190,79327,LDC08
890200,79324,LDC08
890310,79311,LDC08
890391,79312,LDC08
890392,79319,LDC08
890399,79319,LDC08
890400,7937,LDC08
890510,79351,LDC08
890520,79355,LDC08
890590,79359,LDC08
890610,79329,LDC08
890690,79329,LDC08
890710,79391,LDC08
890790,79399,LDC08
890800,7933,LDC08
900110,88419,LDC08
900120,88419,LDC08
900130,88411,LDC08
900140,88415,LDC08
900150,88417,LDC08
900190,88419,LDC08
900211,88431,LDC08
900219,88432,LDC08
900220,88433,LDC08
900290,88439,LDC08
900311,88421,LDC08
900319,88421,LDC08
900390,88422,LDC08
900410,88423,LDC08
900490,88423,LDC08
900510,87111,LDC10
900580,87115,LDC10
900590,87119,LDC10
900610,88111,LDC10
900630,88111,LDC10
900640,88111,LDC10
900651,88111,LDC10
900652,88111,LDC10
900653,88111,LDC10
900659,88111,LDC10
900661,88113,LDC10
900669,88113,LDC10
900691,88114,LDC10
900699,88115,LDC10
900710,88121,LDC10
900720,88122,LDC10
900791,88123,LDC10
900792,88124,LDC10
900850,88132,LDC10
900890,88134,LDC10
901010,88135,LDC10
901050,88135,LDC10
901060,88135,LDC10
901090,88136,LDC10
901110,87141,LDC10
901120,87143,LDC10
901180,87145,LDC10
901190,87149,LDC10
901210,87131,LDC10
901290,87139,LDC10
901310,87191,LDC10
901320,87192,LDC10
901380,87193,LDC10
901390,87199,LDC10
901410,87411,LDC10
901420,87411,LDC10
901480,87411,LDC10
901490,87412,LDC10
901510,87413,LDC10
901520,87413,LDC10
901530,87413,LDC10
901540,87413,LDC10
901580,87413,LDC10
901590,87414,LDC10
901600,87451,LDC10
901710,87422,LDC10
901720,87422,LDC10
901730,87423,LDC10
901780,87423,LDC10
901790,87424,LDC10
901811,77411,LDC09
901812,77412,LDC09
901813,77412,LDC09
901814,77412,LDC09
901819,77412,LDC09
901820,77413,LDC09
901831,87221,LDC08
901832,87221,LDC08
901839,87221,LDC08
901841,87211,LDC08
901849,87219,LDC08
901850,87225,LDC08
901890,87229,LDC08
901910,87231,LDC08
901920,87233,LDC08
902000,87235,LDC08
902110,89963,LDC05
902121,89965,LDC05
902129,89965,LDC05
902131,89963,LDC05
902139,89966,LDC05
902140,89961,LDC05
902150,89967,LDC05
902190,89969,LDC05
902212,77421,LDC09
902213,77421,LDC09
902214,77421,LDC09
902219,77421,LDC09
902221,77422,LDC09
902229,77422,LDC09
902230,77423,LDC09
902290,77429,LDC09
902300,87452,LDC10
902410,87453,LDC10
902480,87453,LDC10
902490,87454,LDC10
902511,87455,LDC10
902519,87455,LDC10
902580,87455,LDC10
902590,87456,LDC10
902610,87431,LDC10
902620,87435,LDC10
902680,87437,LDC10
902690,87439,LDC10
902710,87441,LDC10
902720,87442,LDC10
902730,87443,LDC10
902750,87445,LDC10
902780,87446,LDC10
902790,87449,LDC10
902810,87311,LDC08
902820,87313,LDC08
902830,87315,LDC08
902890,87319,LDC08
902910,87321,LDC08
902920,87325,LDC08
902990,87329,LDC08
903010,87471,LDC10
903020,87473,LDC10
903031,87475,LDC10
903032,87478,LDC10
903033,87475,LDC10
903039,87478,LDC10
903040,87477,LDC10
903082,87478,LDC10
903084,87478,LDC10
903089,87478,LDC10
903090,87479,LDC10
903110,87425,LDC10
903120,87425,LDC10
903141,87425,LDC10
903149,87425,LDC10
903180,87425,LDC10
903190,87426,LDC10
903210,87461,LDC10
903220,87463,LDC10
903281,87465,LDC10
903289,87465,LDC10
903290,87469,LDC10
903300,8749,LDC10
910111,88531,LDC08
910119,88531,LDC08
910121,88532,LDC08
910129,88532,LDC08
910191,88539,LDC08
910199,88539,LDC08
910211,88541,LDC08
910212,88541,LDC08
910219,88541,LDC08
910221,88542,LDC08
910229,88542,LDC08
910291,88549,LDC08
910299,88549,LDC08
910310,88572,LDC08
910390,88573,LDC08
910400,88571,LDC08
910511,88574,LDC08
910519,88575,LDC08
910521,88576,LDC08
910529,88577,LDC08
910591,88578,LDC08
910599,88579,LDC08
910610,88594,LDC08
910690,88594,LDC08
910700,88595,LDC08
910811,88551,LDC08
910812,88551,LDC08
910819,88551,LDC08
910820,88552,LDC08
910890,88552,LDC08
910910,88596,LDC08
910990,88596,LDC08
911011,88598,LDC08
911012,88598,LDC08
911019,88598,LDC08
911090,88598,LDC08
911110,88591,LDC08
911120,88591,LDC08
911180,88591,LDC08
911190,88591,LDC08
911220,88597,LDC08
911290,88597,LDC08
911310,88592,LDC08
911320,88592,LDC08
911390,88593,LDC08
911410,88599,LDC08
911430,88599,LDC08
911440,88599,LDC08
911490,88599,LDC08
920110,89813,LDC05
920120,89813,LDC05
920190,89813,LDC05
920210,89815,LDC05
920290,89815,LDC05
920510,89823,LDC05
920590,89823,LDC05
920600,89824,LDC05
920710,89825,LDC05
920790,89826,LDC05
920810,89829,LDC05
920890,89829,LDC05
920930,8989,LDC05
920991,8989,LDC05
920992,8989,LDC05
920994,8989,LDC05
920999,8989,LDC05
930110,89112,LDC08
930120,89112,LDC08
930190,89112,LDC08
930200,89114,LDC08
930310,89131,LDC08
930320,89131,LDC08
930330,89131,LDC08
930390,89131,LDC08
930400,89139,LDC08
930510,89191,LDC08
930520,89195,LDC08
930591,89199,LDC08
930599,89199,LDC08
930621,89122,LDC08
930629,89123,LDC08
930630,89124,LDC08
930690,89129,LDC08
930700,89113,LDC08
940110,82111,LDC05
940120,82112,LDC05
940130,82114,LDC05
940140,82115,LDC05
940151,82113,LDC05
940159,82113,LDC05
940161,82116,LDC05
940169,82116,LDC05
940171,82117,LDC05
940179,82117,LDC05
940180,82118,LDC05
940190,82119,LDC05
940210,8724,LDC08
940290,8724,LDC08
940310,82131,LDC05
940320,82139,LDC05
940330,82151,LDC05
940340,82153,LDC05
940350,82155,LDC05
940360,82159,LDC05
940370,82171,LDC05
940381,82179,LDC05
940389,82179,LDC05
940390,8218,LDC05
940410,82121,LDC05
940421,82123,LDC05
940429,82125,LDC05
940430,82127,LDC05
940490,82129,LDC05
940510,81311,LDC08
940520,81313,LDC08
940530,89441,LDC05
940540,81315,LDC08
940550,81317,LDC08
940560,8132,LDC08
940591,81391,LDC08
940592,81392,LDC08
940599,81399,LDC08
940600,8110,LDC08
950300,8942,LDC05
950420,89433,LDC05
950430,89435,LDC05
950440,89437,LDC05
950450,89431,LDC05
950490,89439,LDC05
950510,89445,LDC05
950590,89449,LDC05
950611,89473,LDC05
950612,89473,LDC05
950619,89473,LDC05
950621,89474,LDC05
950629,89474,LDC05
950631,89475,LDC05
950632,89475,LDC05
950639,89475,LDC05
950640,89479,LDC05
950651,89476,LDC05
950659,89476,LDC05
950661,89479,LDC05
950662,89479,LDC05
950669,89479,LDC05
950670,89472,LDC05
950691,89478,LDC05
950699,89479,LDC05
950710,89471,LDC05
950720,89471,LDC05
950730,89471,LDC05
950790,89471,LDC05
950810,8946,LDC05
950890,8946,LDC05
960110,89911,LDC05
960190,89911,LDC05
960200,89919,LDC05
960310,89972,LDC05
960321,89972,LDC05
960329,89972,LDC05
960330,89972,LDC05
960340,89972,LDC05
960350,89972,LDC05
960390,89972,LDC05
960400,89981,LDC05
960500,8313,LDC04
960610,89983,LDC05
960621,89983,LDC05
960622,89983,LDC05
960629,89983,LDC05
960630,89984,LDC05
960711,89985,LDC05
960719,89985,LDC05
960720,89986,LDC05
960810,89521,LDC05
960820,89521,LDC05
960830,89521,LDC05
960840,89521,LDC05
960850,89521,LDC05
960860,89521,LDC05
960891,89522,LDC05
960899,89521,LDC05
960910,89523,LDC05
960920,89523,LDC05
960990,89523,LDC05
961000,89592,LDC05
961100,89593,LDC05
961210,89594,LDC05
961220,89594,LDC05
961310,89933,LDC05
961320,89933,LDC05
961380,89933,LDC05
961390,89935,LDC05
961400,89937,LDC05
961511,89989,LDC05
961519,89989,LDC05
961590,89989,LDC05
961610,89987,LDC05
961620,89982,LDC05
961700,89997,LDC05
961800,89988,LDC05
961900,64295,LDC05
970110,89611,LDC99
970190,89612,LDC99
970200,8962,LDC99
970300,8963,LDC99
970400,8964,LDC99
970500,8965,LDC99
970600,8966,LDC99
